IdDenuncia,Anio,Fecha,Hora,Localidad,Motivo
42389,2012,8/21/2012,12:36:04,TRELEW,AGRADECIMIENTO
42236,2012,2/23/2012,19:27:26,PUERTO MADRYN,AGRADECIMIENTO
42420,2012,10/16/2012,2:10:08,COMODORO RIVADAVIA,COMENTARIO
42408,2012,9/19/2012,20:16:17,0,COMENTARIO
42397,2012,8/29/2012,18:40:53,ESQUEL,COMENTARIO
42395,2012,8/29/2012,16:39:15,TRELEW,COMENTARIO
42356,2012,7/07/2012,13:22:30,TRELEW,COMENTARIO
42345,2012,6/22/2012,11:39:43,COMODORO RIVADAVIA,COMENTARIO
42331,2012,6/12/2012,13:06:54,0,COMENTARIO
42304,2012,5/08/2012,12:06:00,RAWSON,COMENTARIO
42261,2012,3/22/2012,2:02:47,PUERTO MADRYN,COMENTARIO
42249,2012,3/11/2012,11:17:11,TRELEW,COMENTARIO
42225,2012,2/14/2012,10:28:07,0,COMENTARIO
42465,2012,1/29/2012,11:09:00,0,CONSULTA
42446,2012,12/12/2012,7:18:46,0,CONSULTA
42437,2012,11/22/2012,17:00:20,0,CONSULTA
42432,2012,11/13/2012,12:23:59,0,CONSULTA
42426,2012,11/05/2012,11:20:27,RAWSON,CONSULTA
42406,2012,9/14/2012,13:40:45,ESQUEL,CONSULTA
42400,2012,9/04/2012,2:28:24,COMODORO RIVADAVIA,CONSULTA
42398,2012,8/31/2012,11:40:37,RAWSON,CONSULTA
42394,2012,8/28/2012,14:28:19,RAWSON,CONSULTA
42388,2012,8/21/2012,10:08:21,COMODORO RIVADAVIA,CONSULTA
42384,2012,8/17/2012,11:41:13,RAWSON,CONSULTA
42380,2012,8/14/2012,20:39:43,ESQUEL,CONSULTA
42376,2012,8/13/2012,0:03:52,0,CONSULTA
42374,2012,8/09/2012,11:20:53,RAWSON,CONSULTA
42369,2012,7/27/2012,16:57:35,0,CONSULTA
42368,2012,7/27/2012,10:40:02,SARMIENTO,CONSULTA
42364,2012,7/19/2012,13:29:54,COMODORO RIVADAVIA,CONSULTA
42363,2012,7/19/2012,13:06:24,RIO PICO,CONSULTA
42352,2012,6/27/2012,17:03:20,PUERTO MADRYN,CONSULTA
42348,2012,6/25/2012,15:52:23,TRELEW,CONSULTA
42344,2012,6/21/2012,22:27:56,COMODORO RIVADAVIA,CONSULTA
42325,2012,5/30/2012,15:57:51,PUERTO MADRYN,CONSULTA
42318,2012,5/20/2012,22:38:02,TREVELIN,CONSULTA
42311,2012,5/14/2012,14:03:52,PUERTO MADRYN,CONSULTA
42310,2012,5/14/2012,2:01:20,RADA TILLY,CONSULTA
42307,2012,5/10/2012,8:57:30,RAWSON,CONSULTA
42290,2012,4/24/2012,11:35:21,COMODORO RIVADAVIA,CONSULTA
42289,2012,4/23/2012,11:36:44,COMODORO RIVADAVIA,CONSULTA
42288,2012,4/23/2012,9:17:07,POSADAS,CONSULTA
42280,2012,4/12/2012,14:05:43,TRELEW,CONSULTA
42273,2012,4/09/2012,12:52:26,ESQUEL,CONSULTA
42256,2012,3/14/2012,11:35:13,SANTA FE,CONSULTA
42246,2012,3/08/2012,20:16:33,ESQUEL,CONSULTA
42245,2012,3/07/2012,13:07:16,TRELEW,CONSULTA
42244,2012,3/05/2012,13:12:32,COMODORO RIVADAVIA,CONSULTA
42228,2012,2/16/2012,9:46:22,COMODORO RIVADAVIA,CONSULTA
42227,2012,2/16/2012,9:45:45,COMODORO RIVADAVIA,CONSULTA
42200,2012,1/11/2012,13:19:51,TRELEW,CONSULTA
42196,2012,1/07/2012,13:02:14,MONTE GRANDE,CONSULTA
42450,2012,12/30/2012,19:11:39,0,RECLAMO
42448,2012,12/21/2012,14:41:18,FACUNDO,RECLAMO
42445,2012,12/12/2012,7:18:21,0,RECLAMO
42444,2012,12/12/2012,7:18:01,0,RECLAMO
42442,2012,12/07/2012,11:05:06,RAWSON,RECLAMO
42440,2012,12/05/2012,23:26:41,COMODORO RIVADAVIA,RECLAMO
42436,2012,11/21/2012,11:53:22,0,RECLAMO
42423,2012,10/26/2012,15:52:56,LAGO PUELO,RECLAMO
42422,2012,10/24/2012,0:50:34,TRELEW,RECLAMO
42421,2012,10/16/2012,10:39:34,TRELEW,RECLAMO
42418,2012,10/16/2012,0:21:59,COMODORO RIVADAVIA,RECLAMO
42411,2012,9/28/2012,15:48:36,EL HOYO,RECLAMO
42407,2012,9/19/2012,16:09:49,PASO DEL SAPO,RECLAMO
42405,2012,9/12/2012,14:28:24,0,RECLAMO
42403,2012,9/08/2012,12:31:42,GAIMAN,RECLAMO
42402,2012,9/05/2012,14:07:11,0,RECLAMO
42401,2012,9/04/2012,15:53:27,COMODORO RIVADAVIA,RECLAMO
42399,2012,8/31/2012,13:19:59,EL HOYO,RECLAMO
42396,2012,8/29/2012,16:45:59,TRELEW,RECLAMO
42390,2012,8/21/2012,21:28:46,CAMARONES,RECLAMO
42387,2012,8/17/2012,16:34:10,TRELEW,RECLAMO
42386,2012,8/17/2012,13:30:52,TRELEW,RECLAMO
42382,2012,8/15/2012,16:09:47,PASO DEL SAPO,RECLAMO
42379,2012,8/14/2012,20:06:01,ESQUEL,RECLAMO
42378,2012,8/13/2012,10:42:37,PASO DEL SAPO,RECLAMO
42377,2012,8/13/2012,10:38:38,PASO DEL SAPO,RECLAMO
42373,2012,7/31/2012,2:10:59,PASO DEL SAPO,RECLAMO
42371,2012,7/30/2012,18:17:34,CAMARONES,RECLAMO
42362,2012,7/18/2012,20:21:20,CAMARONES,RECLAMO
42355,2012,7/01/2012,21:00:37,ESQUEL,RECLAMO
42354,2012,6/28/2012,12:39:10,BARILOCHE,RECLAMO
42353,2012,6/27/2012,19:31:02,ESQUEL,RECLAMO
42349,2012,6/25/2012,21:42:19,RAWSON,RECLAMO
42341,2012,6/18/2012,10:58:12,PUERTO MADRYN,RECLAMO
42339,2012,6/15/2012,18:20:24,ESQUEL,RECLAMO
42337,2012,6/15/2012,13:03:48,0,RECLAMO
42336,2012,6/15/2012,13:02:44,RAWSON,RECLAMO
42335,2012,6/15/2012,13:02:08,RAWSON,RECLAMO
42334,2012,6/15/2012,13:00:39,0,RECLAMO
42333,2012,6/15/2012,12:59:59,RAWSON,RECLAMO
42330,2012,6/08/2012,12:06:22,TRELEW,RECLAMO
42327,2012,6/02/2012,18:17:52,0,RECLAMO
42324,2012,5/28/2012,13:19:27,PASO DEL SAPO,RECLAMO
42323,2012,5/28/2012,10:53:07,RAWSON,RECLAMO
42321,2012,5/23/2012,11:39:14,TRELEW,RECLAMO
42320,2012,5/22/2012,12:35:23,PASO DEL SAPO,RECLAMO
42316,2012,5/16/2012,11:49:12,0,RECLAMO
42315,2012,5/16/2012,11:47:01,0,RECLAMO
42314,2012,5/16/2012,7:52:16,RAWSON,RECLAMO
42313,2012,5/15/2012,17:12:58,COMODORO RIVADAVIA,RECLAMO
42308,2012,5/11/2012,8:38:08,RAWSON,RECLAMO
42306,2012,5/09/2012,10:40:01,0,RECLAMO
42299,2012,5/02/2012,17:29:54,TRELEW,RECLAMO
42294,2012,4/25/2012,1:00:11,PASO DEL SAPO,RECLAMO
42293,2012,4/25/2012,0:52:11,PASO DEL SAPO,RECLAMO
42292,2012,4/25/2012,0:44:00,PASO DEL SAPO,RECLAMO
42291,2012,4/25/2012,0:38:27,PASO DEL SAPO,RECLAMO
42286,2012,4/20/2012,9:46:07,0,RECLAMO
42278,2012,4/11/2012,22:45:39,COMODORO RIVADAVIA,RECLAMO
42276,2012,4/10/2012,13:01:57,TRELEW,RECLAMO
42274,2012,4/09/2012,15:55:49,COMODORO RIVADAVIA,RECLAMO
42272,2012,4/02/2012,21:21:16,EL HOYO,RECLAMO
42271,2012,4/01/2012,15:29:01,CAMARONES,RECLAMO
42269,2012,3/28/2012,16:24:28,COMODORO RIVADAVIA,RECLAMO
42266,2012,3/26/2012,15:10:14,0,RECLAMO
42264,2012,3/24/2012,23:56:02,COMODORO RIVADAVIA,RECLAMO
42262,2012,3/23/2012,15:20:04,TRELEW,RECLAMO
42254,2012,3/13/2012,14:54:44,RAWSON,RECLAMO
42251,2012,3/12/2012,14:52:46,ESQUEL,RECLAMO
42243,2012,3/03/2012,9:33:03,TRELEW,RECLAMO
42241,2012,3/01/2012,19:50:13,TRELEW,RECLAMO
42239,2012,2/25/2012,8:55:38,RAWSON,RECLAMO
42238,2012,2/25/2012,8:52:41,RAWSON,RECLAMO
42237,2012,2/24/2012,15:56:29,0,RECLAMO
42230,2012,2/17/2012,18:47:52,RAWSON,RECLAMO
42224,2012,2/12/2012,13:07:28,LAGO PUELO,RECLAMO
42221,2012,2/07/2012,16:07:28,PUERTO MADRYN,RECLAMO
42217,2012,2/03/2012,0:34:04,COMODORO RIVADAVIA,RECLAMO
42213,2012,1/30/2012,16:13:02,CERRO CENTINELA,RECLAMO
42212,2012,1/30/2012,13:47:01,COMODORO RIVADAVIA,RECLAMO
42211,2012,1/30/2012,13:33:35,COMODORO RIVADAVIA,RECLAMO
42208,2012,1/26/2012,20:50:02,TRELEW,RECLAMO
42206,2012,1/26/2012,20:09:17,ESQUEL,RECLAMO
42205,2012,1/18/2012,12:22:39,TRELEW,RECLAMO
42204,2012,1/18/2012,10:14:13,0,RECLAMO
42201,2012,1/12/2012,8:23:18,0,RECLAMO
42199,2012,1/10/2012,8:58:56,0,RECLAMO
42198,2012,1/10/2012,8:57:45,0,RECLAMO
42296,2012,4/26/2012,16:24:50,COMODORO RIVADAVIA,SALUTACION
42449,2012,12/25/2012,23:03:57,RAWSON,SOLICITUD
42447,2012,12/21/2012,10:34:09,COMODORO RIVADAVIA,SOLICITUD
42443,2012,12/10/2012,13:13:18,COMODORO RIVADAVIA,SOLICITUD
42441,2012,12/05/2012,23:27:30,COMODORO RIVADAVIA,SOLICITUD
42439,2012,12/04/2012,16:35:30,RADA TILLY,SOLICITUD
42435,2012,11/16/2012,15:46:13,COMODORO RIVADAVIA,SOLICITUD
42434,2012,11/14/2012,12:40:21,RADA TILLY,SOLICITUD
42433,2012,11/13/2012,19:06:17,COMODORO RIVADAVIA,SOLICITUD
42430,2012,11/12/2012,15:32:22,COMODORO RIVADAVIA,SOLICITUD
42427,2012,11/08/2012,11:21:30,0,SOLICITUD
42425,2012,11/01/2012,12:18:39,COMODORO RIVADAVIA,SOLICITUD
42424,2012,11/01/2012,12:17:49,COMODORO RIVADAVIA,SOLICITUD
42419,2012,10/16/2012,1:04:40,COMODORO RIVADAVIA,SOLICITUD
42417,2012,10/15/2012,19:14:19,RAWSON,SOLICITUD
42416,2012,10/15/2012,13:43:49,RAWSON,SOLICITUD
42415,2012,10/15/2012,13:43:49,RAWSON,SOLICITUD
42414,2012,10/15/2012,13:43:48,RAWSON,SOLICITUD
42413,2012,10/15/2012,13:43:47,RAWSON,SOLICITUD
42412,2012,10/15/2012,13:43:47,RAWSON,SOLICITUD
42410,2012,9/28/2012,9:58:00,COMODORO RIVADAVIA,SOLICITUD
42404,2012,9/12/2012,14:17:47,TRELEW,SOLICITUD
42391,2012,8/23/2012,18:34:32,TRELEW,SOLICITUD
42385,2012,8/17/2012,13:29:07,TRELEW,SOLICITUD
42383,2012,8/16/2012,21:42:53,TRELEW,SOLICITUD
42381,2012,8/15/2012,14:14:39,PUERTO MADRYN,SOLICITUD
42375,2012,8/12/2012,14:28:22,RADA TILLY,SOLICITUD
42372,2012,7/30/2012,20:00:39,RADA TILLY,SOLICITUD
42370,2012,7/30/2012,18:15:50,CAMARONES,SOLICITUD
42367,2012,7/24/2012,18:19:30,TREVELIN,SOLICITUD
42360,2012,7/12/2012,15:07:09,COMODORO RIVADAVIA,SOLICITUD
42359,2012,7/12/2012,10:09:04,RAWSON,SOLICITUD
42358,2012,7/11/2012,0:20:42,TRELEW,SOLICITUD
42357,2012,7/08/2012,18:20:48,FORMOSA,SOLICITUD
42350,2012,6/26/2012,15:19:26,TRELEW,SOLICITUD
42346,2012,6/22/2012,13:03:23,PUERTO MADRYN,SOLICITUD
42343,2012,6/20/2012,8:20:57,ESPAÑA,SOLICITUD
42340,2012,6/16/2012,20:46:15,COMODORO RIVADAVIA,SOLICITUD
42338,2012,6/15/2012,17:07:04,TRELEW,SOLICITUD
42329,2012,6/07/2012,2:35:26,ESQUEL,SOLICITUD
42328,2012,6/04/2012,21:36:56,TRELEW,SOLICITUD
42326,2012,5/30/2012,19:54:06,COMODORO RIVADAVIA,SOLICITUD
42319,2012,5/21/2012,1:08:13,ESQUEL,SOLICITUD
42317,2012,5/17/2012,21:37:38,TRELEW,SOLICITUD
42312,2012,5/14/2012,16:05:47,ESPAÑA,SOLICITUD
42309,2012,5/12/2012,17:51:00,RADA TILLY,SOLICITUD
42305,2012,5/08/2012,16:15:49,COMODORO RIVADAVIA,SOLICITUD
42301,2012,5/03/2012,10:48:21,TRELEW,SOLICITUD
42300,2012,5/02/2012,20:03:54,COMODORO RIVADAVIA,SOLICITUD
42298,2012,5/01/2012,23:24:03,0,SOLICITUD
42297,2012,4/29/2012,5:32:34,ESPAÑA,SOLICITUD
42287,2012,4/22/2012,10:31:21,COMODORO RIVADAVIA,SOLICITUD
42285,2012,4/17/2012,10:15:44,RAWSON,SOLICITUD
42284,2012,4/13/2012,15:34:34,TRELEW,SOLICITUD
42283,2012,4/13/2012,9:49:43,RAWSON,SOLICITUD
42281,2012,4/13/2012,1:20:17,PUERTO MADRYN,SOLICITUD
42279,2012,4/12/2012,7:51:27,PUERTO MADRYN,SOLICITUD
42277,2012,4/10/2012,20:41:23,TRELEW,SOLICITUD
42275,2012,4/09/2012,16:14:26,PUERTO MADRYN,SOLICITUD
42270,2012,3/29/2012,1:22:31,PLAYA UNION,SOLICITUD
42268,2012,3/28/2012,16:11:29,COMODORO RIVADAVIA,SOLICITUD
42267,2012,3/28/2012,16:10:04,COMODORO RIVADAVIA,SOLICITUD
42265,2012,3/25/2012,8:37:59,TREVELIN,SOLICITUD
42259,2012,3/20/2012,12:22:51,PUERTO MADRYN,SOLICITUD
42257,2012,3/14/2012,16:25:09,COMODORO RIVADAVIA,SOLICITUD
42255,2012,3/14/2012,8:59:42,CHOLILA,SOLICITUD
42248,2012,3/09/2012,13:12:50,TRELEW,SOLICITUD
42247,2012,3/08/2012,23:49:58,PLAYA UNION,SOLICITUD
42242,2012,3/02/2012,8:35:55,PLAYA UNION,SOLICITUD
42240,2012,2/28/2012,11:09:29,RAWSON,SOLICITUD
42235,2012,2/23/2012,19:13:58,TRELEW,SOLICITUD
42234,2012,2/22/2012,18:13:12,ESQUEL,SOLICITUD
42232,2012,2/21/2012,17:55:59,PUERTO MADRYN,SOLICITUD
42231,2012,2/20/2012,20:49:22,PUERTO MADRYN,SOLICITUD
42226,2012,2/15/2012,13:10:58,RAWSON,SOLICITUD
42222,2012,2/08/2012,10:42:17,ESQUEL,SOLICITUD
42220,2012,2/03/2012,14:26:03,TRELEW,SOLICITUD
42219,2012,2/03/2012,9:29:35,COMODORO RIVADAVIA,SOLICITUD
42218,2012,2/03/2012,3:16:41,COMODORO RIVADAVIA,SOLICITUD
42216,2012,1/31/2012,20:22:27,PUERTO MADRYN,SOLICITUD
42214,2012,1/30/2012,18:44:35,RAWSON,SOLICITUD
42209,2012,1/28/2012,17:36:07,COMODORO RIVADAVIA,SOLICITUD
42207,2012,1/26/2012,20:42:48,RAWSON,SOLICITUD
42203,2012,1/16/2012,20:29:30,RAWSON,SOLICITUD
42202,2012,1/15/2012,12:39:53,TRELEW,SOLICITUD
42197,2012,1/09/2012,11:21:29,BUENOS AIRES,SOLICITUD
42195,2012,1/01/2012,22:49:27,RIVADAVIA,SOLICITUD
42438,2012,11/28/2012,11:59:39,0,SUGERENCIA
42429,2012,11/10/2012,1:05:55,ESQUEL,SUGERENCIA
42428,2012,11/10/2012,0:58:35,ESQUEL,SUGERENCIA
42409,2012,9/20/2012,21:12:30,0,SUGERENCIA
42365,2012,7/20/2012,23:02:09,EPUYEN,SUGERENCIA
42351,2012,6/27/2012,15:31:30,TRELEW,SUGERENCIA
42347,2012,6/25/2012,6:43:30,RAWSON,SUGERENCIA
42282,2012,4/13/2012,8:58:43,COMODORO RIVADAVIA,SUGERENCIA
42263,2012,3/23/2012,16:35:05,COMODORO RIVADAVIA,SUGERENCIA
42258,2012,3/16/2012,14:57:57,TRELEW,SUGERENCIA
42253,2012,3/12/2012,22:20:47,TRELEW,SUGERENCIA
42252,2012,3/12/2012,22:20:46,TRELEW,SUGERENCIA
42233,2012,2/22/2012,16:44:53,TRELEW,SUGERENCIA
42229,2012,2/16/2012,19:25:10,COMODORO RIVADAVIA,SUGERENCIA
42215,2012,1/31/2012,14:08:53,PANAMA,SUGERENCIA
42431,2012,11/12/2012,18:48:58,TRELEW,OTRO
42393,2012,8/28/2012,12:00:02,RAWSON,OTRO
42392,2012,8/28/2012,0:08:14,RADA TILLY,OTRO
42366,2012,7/22/2012,19:19:34,0,OTRO
42361,2012,7/16/2012,14:58:39,TRELEW,OTRO
42342,2012,6/18/2012,10:59:02,PUERTO MADRYN,OTRO
42332,2012,6/14/2012,11:49:35,TRELEW,OTRO
42322,2012,5/24/2012,10:17:14,0,OTRO
42303,2012,5/07/2012,23:44:09,MONTEVIDEO,OTRO
42302,2012,5/05/2012,18:37:00,COMODORO RIVADAVIA,OTRO
42295,2012,4/25/2012,7:09:41,TRELEW,OTRO
42260,2012,3/20/2012,17:55:54,0,OTRO
42250,2012,3/12/2012,10:37:21,ESQUEL,OTRO
42223,2012,2/10/2012,10:09:54,ALTO RIO SENGUER,OTRO
42210,2012,1/29/2012,23:59:07,RAWSON,OTRO
42611,2013,9/28/2013,13:50:51,COMODORO RIVADAVIA,AGRADECIMIENTO
42493,2013,3/14/2013,12:52:59,TRELEW,AGRADECIMIENTO
42612,2013,9/29/2013,20:10:22,TRELEW,COMENTARIO
42600,2013,9/09/2013,20:23:18,TRELEW,COMENTARIO
42568,2013,7/21/2013,18:27:21,RAWSON,COMENTARIO
42555,2013,6/18/2013,10:25:20,EL HOYO,COMENTARIO
42531,2013,5/21/2013,22:05:36,0,COMENTARIO
42529,2013,5/20/2013,16:48:01,BUENOS AIRES,COMENTARIO
42505,2013,3/29/2013,0:11:18,RAWSON,COMENTARIO
42636,2013,11/26/2013,12:28:00,RAWSON,CONSULTA
42633,2013,11/22/2013,12:45:14,PASO DEL SAPO,CONSULTA
42626,2013,11/08/2013,13:18:56,PUERTO MADRYN,CONSULTA
42622,2013,10/29/2013,8:22:30,COMODORO RIVADAVIA,CONSULTA
42621,2013,10/24/2013,20:47:17,COMODORO RIVADAVIA,CONSULTA
42618,2013,10/16/2013,12:34:32,ESQUEL,CONSULTA
42610,2013,9/28/2013,2:30:37,COMODORO RIVADAVIA,CONSULTA
42573,2013,7/28/2013,10:46:41,RAWSON,CONSULTA
42562,2013,7/04/2013,23:34:49,PUERTO MADRYN,CONSULTA
42551,2013,6/10/2013,10:34:11,JUSTINIANO POSSE,CONSULTA
42519,2013,4/13/2013,17:46:47,COMODORO RIVADAVIA,CONSULTA
42510,2013,4/04/2013,12:10:22,GAN GAN,CONSULTA
42486,2013,3/08/2013,13:51:18,COLAN CONHUE,CONSULTA
42469,2013,2/01/2013,16:02:30,COMODORO RIVADAVIA,CONSULTA
42458,2013,1/17/2013,14:35:16,"SAN TELMO, CAPITAL FEDERAL",CONSULTA
42454,2013,1/09/2013,17:50:03,VILLA CONSTITUCION,CONSULTA
42639,2013,12/11/2013,10:48:11,TRELEW,RECLAMO
42638,2013,12/09/2013,19:53:45,ESQUEL,RECLAMO
42634,2013,11/23/2013,18:13:04,COMODORO RIVADAVIA,RECLAMO
42630,2013,11/19/2013,19:33:59,RAWSON,RECLAMO
42629,2013,11/19/2013,19:18:43,ESQUEL,RECLAMO
42628,2013,11/19/2013,12:15:01,COMODORO RIVADAVIA,RECLAMO
42624,2013,11/02/2013,5:05:19,0,RECLAMO
42619,2013,10/23/2013,8:55:11,RADA TILLY,RECLAMO
42614,2013,10/07/2013,18:07:49,0,RECLAMO
42608,2013,9/25/2013,11:52:48,0,RECLAMO
42605,2013,9/20/2013,1:06:05,0,RECLAMO
42604,2013,9/18/2013,17:17:59,0,RECLAMO
42602,2013,9/12/2013,13:37:55,PUERTO MADRYN,RECLAMO
42599,2013,9/06/2013,20:04:06,0,RECLAMO
42597,2013,9/04/2013,11:02:36,COMODORO RIVADAVIA,RECLAMO
42589,2013,8/26/2013,11:07:51,CAMARONES,RECLAMO
42588,2013,8/20/2013,21:14:14,COMODORO RIVADAVIA,RECLAMO
42583,2013,8/10/2013,9:38:41,COMODORO RIVADAVIA,RECLAMO
42582,2013,8/08/2013,8:06:59,0,RECLAMO
42581,2013,8/08/2013,8:06:47,0,RECLAMO
42580,2013,8/08/2013,8:06:33,0,RECLAMO
42578,2013,8/04/2013,0:01:07,0,RECLAMO
42575,2013,7/30/2013,19:48:14,0,RECLAMO
42572,2013,7/27/2013,20:57:42,COMODORO RIVADAVIA,RECLAMO
42569,2013,7/22/2013,14:40:28,TRELEW,RECLAMO
42563,2013,7/08/2013,23:03:47,0,RECLAMO
42561,2013,7/04/2013,16:52:50,COMODORO RIVADAVIA,RECLAMO
42560,2013,7/02/2013,10:50:36,PASO DEL SAPO,RECLAMO
42559,2013,7/02/2013,10:44:45,PASO DEL SAPO,RECLAMO
42553,2013,6/13/2013,22:12:08,CAMARONES,RECLAMO
42549,2013,6/07/2013,8:57:25,ALDEA ESCOLAR,RECLAMO
42548,2013,6/05/2013,12:25:15,0,RECLAMO
42547,2013,6/04/2013,15:55:06,ESQUEL,RECLAMO
42545,2013,6/03/2013,11:29:48,GAIMAN,RECLAMO
42543,2013,5/30/2013,18:27:33,RAWSON,RECLAMO
42542,2013,5/29/2013,9:39:39,0,RECLAMO
42535,2013,5/22/2013,20:41:14,COMODORO RIVADAVIA,RECLAMO
42528,2013,5/17/2013,21:16:31,COMODORO RIVADAVIA,RECLAMO
42524,2013,5/04/2013,12:59:44,COMODORO RIVADAVIA,RECLAMO
42523,2013,5/01/2013,11:01:57,PUERTO MADRYN,RECLAMO
42522,2013,4/23/2013,21:48:04,COMODORO RIVADAVIA,RECLAMO
42521,2013,4/18/2013,22:33:54,RIO MAYO,RECLAMO
42520,2013,4/15/2013,19:31:43,COMODORO RIVADAVIA,RECLAMO
42517,2013,4/11/2013,11:21:38,0,RECLAMO
42514,2013,4/08/2013,7:03:18,COMODORO RIVADAVIA,RECLAMO
42503,2013,3/27/2013,16:48:09,PASO DEL SAPO,RECLAMO
42502,2013,3/26/2013,23:38:54,0,RECLAMO
42500,2013,3/26/2013,15:29:35,COMODORO RIVADAVIA,RECLAMO
42497,2013,3/19/2013,11:32:22,PASO DEL SAPO,RECLAMO
42496,2013,3/19/2013,11:28:07,PASO DEL SAPO,RECLAMO
42495,2013,3/19/2013,11:24:21,PASO DEL SAPO,RECLAMO
42494,2013,3/18/2013,16:53:15,0,RECLAMO
42492,2013,3/14/2013,9:34:04,COMODORO RIVADAVIA,RECLAMO
42489,2013,3/11/2013,11:06:51,PASO DEL SAPO,RECLAMO
42488,2013,3/11/2013,10:59:21,PASO DEL SAPO,RECLAMO
42485,2013,3/07/2013,11:45:12,PASO DEL SAPO,RECLAMO
42481,2013,3/04/2013,15:39:22,0,RECLAMO
42480,2013,3/04/2013,15:35:40,0,RECLAMO
42479,2013,3/04/2013,15:35:36,0,RECLAMO
42477,2013,2/23/2013,5:57:35,COMODORO RIVADAVIA,RECLAMO
42475,2013,2/20/2013,13:39:22,RADA TILLY,RECLAMO
42474,2013,2/16/2013,6:20:57,0,RECLAMO
42473,2013,2/16/2013,0:44:01,0,RECLAMO
42468,2013,1/31/2013,23:05:04,COMODORO RIVADAVIA,RECLAMO
42464,2013,1/29/2013,10:38:15,PASO DEL SAPO,RECLAMO
42463,2013,1/28/2013,13:13:32,TRELEW,RECLAMO
42460,2013,1/17/2013,18:25:02,0,RECLAMO
42457,2013,1/16/2013,10:39:22,PUERTO MADRYN,RECLAMO
42453,2013,1/07/2013,4:01:11,COMODORO RIVADAVIA,RECLAMO
42451,2013,1/02/2013,0:21:39,COMODORO RIVADAVIA,RECLAMO
42644,2013,12/30/2013,14:22:07,COMODORO RIVADAVIA,SOLICITUD
42643,2013,12/24/2013,0:05:35,COMODORO RIVADAVIA,SOLICITUD
42641,2013,12/16/2013,15:09:20,COMODORO RIVADAVIA,SOLICITUD
42637,2013,12/04/2013,17:21:28,PUERTO MADRYN,SOLICITUD
42635,2013,11/25/2013,10:41:43,COMODORO RIVADAVIA,SOLICITUD
42632,2013,11/21/2013,9:02:58,COMODORO RIVADAVIA,SOLICITUD
42631,2013,11/21/2013,9:00:58,COMODORO RIVADAVIA,SOLICITUD
42627,2013,11/08/2013,17:51:48,TRELEW,SOLICITUD
42625,2013,11/07/2013,9:22:51,ESQUEL,SOLICITUD
42620,2013,10/23/2013,21:17:42,COMODORO RIVADAVIA,SOLICITUD
42617,2013,10/15/2013,11:36:32,ESQUEL,SOLICITUD
42616,2013,10/14/2013,15:12:12,ESQUEL,SOLICITUD
42615,2013,10/11/2013,4:40:21,RAWSON,SOLICITUD
42609,2013,9/25/2013,19:47:46,TRELEW,SOLICITUD
42607,2013,9/25/2013,10:47:50,ESQUEL,SOLICITUD
42606,2013,9/23/2013,3:29:53,SAN FERNANDO,SOLICITUD
42601,2013,9/09/2013,21:16:04,COMODORO RIVADAVIA,SOLICITUD
42596,2013,8/31/2013,17:59:19,RADA TILLY,SOLICITUD
42595,2013,8/31/2013,6:59:44,TRELEW,SOLICITUD
42594,2013,8/30/2013,10:15:59,PUERTO MADRYN,SOLICITUD
42593,2013,8/30/2013,10:14:28,PUERTO MADRYN,SOLICITUD
42591,2013,8/27/2013,10:39:28,PUERTO MADRYN,SOLICITUD
42590,2013,8/26/2013,11:16:23,ALTO RIO SENGUER,SOLICITUD
42587,2013,8/16/2013,9:46:01,RAWSON,SOLICITUD
42586,2013,8/15/2013,18:36:21,TRELEW,SOLICITUD
42585,2013,8/15/2013,9:53:18,TRELEW,SOLICITUD
42584,2013,8/15/2013,0:24:17,COMODORO RIVADAVIA,SOLICITUD
42579,2013,8/07/2013,14:12:41,ESQUEL,SOLICITUD
42577,2013,8/02/2013,19:56:59,PUERTO MADRYN,SOLICITUD
42576,2013,8/01/2013,15:37:45,TRELEW,SOLICITUD
42574,2013,7/30/2013,11:49:14,TRELEW,SOLICITUD
42567,2013,7/15/2013,22:16:33,NECOCHEA,SOLICITUD
42566,2013,7/15/2013,14:27:31,PUERTO MADRYN,SOLICITUD
42564,2013,7/12/2013,17:02:32,CORDOBA,SOLICITUD
42558,2013,6/26/2013,17:37:42,0,SOLICITUD
42557,2013,6/25/2013,21:09:17,TRELEW,SOLICITUD
42556,2013,6/20/2013,13:11:04,TRELEW,SOLICITUD
42554,2013,6/16/2013,16:01:46,PUERTO MADRYN,SOLICITUD
42552,2013,6/11/2013,10:18:50,PUERTO MADRYN,SOLICITUD
42550,2013,6/10/2013,1:05:02,ESQUEL,SOLICITUD
42546,2013,6/04/2013,15:34:01,PUERTO MADRYN,SOLICITUD
42541,2013,5/28/2013,13:18:34,COMODORO RIVADAVIA,SOLICITUD
42540,2013,5/28/2013,13:17:46,COMODORO RIVADAVIA,SOLICITUD
42539,2013,5/23/2013,20:43:57,ESQUEL,SOLICITUD
42538,2013,5/23/2013,11:35:35,RAWSON,SOLICITUD
42536,2013,5/22/2013,22:21:28,RAWSON,SOLICITUD
42534,2013,5/22/2013,12:24:10,RAWSON,SOLICITUD
42533,2013,5/22/2013,12:07:46,ESQUEL,SOLICITUD
42532,2013,5/22/2013,8:49:22,0,SOLICITUD
42526,2013,5/09/2013,13:24:51,COMODORO RIVADAVIA,SOLICITUD
42525,2013,5/07/2013,10:12:04,PUERTO MADRYN,SOLICITUD
42518,2013,4/12/2013,1:07:44,RADA TILLY,SOLICITUD
42516,2013,4/09/2013,10:34:04,LAGO PUELO,SOLICITUD
42513,2013,4/07/2013,18:33:29,ESQUEL,SOLICITUD
42512,2013,4/05/2013,16:29:28,0,SOLICITUD
42511,2013,4/05/2013,16:27:58,SARMIENTO,SOLICITUD
42509,2013,4/04/2013,1:41:25,TRELEW,SOLICITUD
42508,2013,4/03/2013,23:23:08,COMODORO RIVADAVIA,SOLICITUD
42507,2013,4/03/2013,20:30:44,COMODORO RIVADAVIA,SOLICITUD
42504,2013,3/28/2013,12:17:50,PUERTO MADRYN,SOLICITUD
42501,2013,3/26/2013,15:37:56,COMODORO RIVADAVIA,SOLICITUD
42490,2013,3/11/2013,20:41:16,TRELEW,SOLICITUD
42487,2013,3/10/2013,1:31:19,ESQUEL,SOLICITUD
42482,2013,3/04/2013,20:26:25,ESQUEL,SOLICITUD
42478,2013,2/25/2013,11:36:54,0,SOLICITUD
42476,2013,2/20/2013,19:06:49,ESQUEL,SOLICITUD
42472,2013,2/13/2013,10:40:00,DR. RICARDO ROJAS,SOLICITUD
42471,2013,2/09/2013,6:48:38,TRELEW,SOLICITUD
42467,2013,1/29/2013,20:28:31,PUERTO MADRYN,SOLICITUD
42466,2013,1/29/2013,18:09:30,ESQUEL,SOLICITUD
42462,2013,1/23/2013,15:54:20,ESPAÑA,SOLICITUD
42456,2013,1/14/2013,14:04:55,RADA TILLY,SOLICITUD
42452,2013,1/02/2013,12:26:11,TRELEW,SOLICITUD
42623,2013,10/29/2013,12:34:25,TRELEW,SUGERENCIA
42598,2013,9/06/2013,14:07:57,RAWSON,SUGERENCIA
42592,2013,8/28/2013,15:19:14,ESQUEL,SUGERENCIA
42544,2013,5/31/2013,12:31:15,RAWSON,SUGERENCIA
42515,2013,4/09/2013,8:31:34,TRELEW,SUGERENCIA
42506,2013,3/30/2013,16:56:58,0,SUGERENCIA
42499,2013,3/24/2013,19:29:12,SARMIENTO,SUGERENCIA
42498,2013,3/21/2013,12:28:10,BUENOS AIRES,SUGERENCIA
42483,2013,3/06/2013,11:44:04,COMODORO RIVADAVIA,SUGERENCIA
42461,2013,1/22/2013,22:25:37,0,SUGERENCIA
42459,2013,1/17/2013,16:43:46,0,SUGERENCIA
42642,2013,12/22/2013,10:59:11,TRELEW,OTRO
42640,2013,12/15/2013,15:34:08,COMODORO RIVADAVIA,OTRO
42613,2013,10/01/2013,9:49:55,PUERTO MADRYN,OTRO
42603,2013,9/16/2013,12:59:51,RAWSON,OTRO
42571,2013,7/25/2013,19:01:03,PASO DEL SAPO,OTRO
42570,2013,7/25/2013,12:55:23,TREVELIN,OTRO
42565,2013,7/15/2013,8:39:18,ESQUEL,OTRO
42537,2013,5/23/2013,2:05:54,ESQUEL,OTRO
42530,2013,5/21/2013,9:32:11,RAWSON,OTRO
42527,2013,5/14/2013,14:57:29,COMODORO RIVADAVIA,OTRO
42491,2013,3/14/2013,9:21:27,TRELEW,OTRO
42484,2013,3/06/2013,14:09:56,TRELEW,OTRO
42470,2013,2/04/2013,22:57:35,TRELEW,OTRO
42455,2013,1/10/2013,14:26:20,COMODORO RIVADAVIA,OTRO
43183,2014,12/04/2014,16:15:25,RAWSON,AGRADECIMIENTO
43168,2014,11/26/2014,11:34:39,COMODORO RIVADAVIA,AGRADECIMIENTO
43167,2014,11/25/2014,11:43:53,0,AGRADECIMIENTO
43166,2014,11/25/2014,11:43:04,SIERRA GRANDE,AGRADECIMIENTO
43121,2014,10/30/2014,22:00:24,COMODORO RIVADAVIA,AGRADECIMIENTO
43064,2014,9/25/2014,0:15:59,TRELEW,AGRADECIMIENTO
42989,2014,8/11/2014,16:26:02,TECKA,AGRADECIMIENTO
42937,2014,7/08/2014,17:16:36,TECKA,AGRADECIMIENTO
42728,2014,2/25/2014,11:08:34,PUERTO MADRYN,AGRADECIMIENTO
43203,2014,12/19/2014,11:44:40,ESQUEL,COMENTARIO
43090,2014,10/14/2014,16:52:24,COMODORO RIVADAVIA,COMENTARIO
43014,2014,8/26/2014,15:51:56,TRELEW,COMENTARIO
42991,2014,8/13/2014,10:06:43,ESQUEL,COMENTARIO
42987,2014,8/10/2014,10:25:17,TRELEW,COMENTARIO
42984,2014,8/08/2014,10:04:30,RAWSON,COMENTARIO
42856,2014,5/30/2014,22:58:24,COMODORO RIVADAVIA,COMENTARIO
42767,2014,4/05/2014,15:25:56,TRELEW,COMENTARIO
42696,2014,2/10/2014,11:56:31,RAWSON,COMENTARIO
42657,2014,1/14/2014,10:54:40,PUERTO MADRYN,COMENTARIO
43207,2014,12/29/2014,15:21:02,TRELEW,CONSULTA
43206,2014,12/27/2014,15:05:06,0,CONSULTA
43201,2014,12/18/2014,0:59:06,PUERTO MADRYN,CONSULTA
43199,2014,12/16/2014,20:21:30,LAGO PUELO,CONSULTA
43195,2014,12/10/2014,19:54:10,LUJAN,CONSULTA
43185,2014,12/05/2014,18:43:30,PUERTO MADRYN,CONSULTA
43182,2014,12/03/2014,15:41:16,SARMIENTO,CONSULTA
43171,2014,11/27/2014,10:37:30,PUERTO MADRYN,CONSULTA
43154,2014,11/17/2014,11:59:57,TRELEW,CONSULTA
43152,2014,11/13/2014,12:35:29,ESQUEL,CONSULTA
43148,2014,11/12/2014,13:06:05,TRELEW,CONSULTA
43143,2014,11/11/2014,9:50:26,VIEDMA - RIO NEGRO,CONSULTA
43142,2014,11/11/2014,0:59:50,COMODORO RIVADAVIA,CONSULTA
43139,2014,11/09/2014,11:36:53,PUERTO MADRYN,CONSULTA
43130,2014,11/05/2014,9:52:39,ESQUEL,CONSULTA
43123,2014,10/31/2014,12:23:06,RIO MAYO,CONSULTA
43122,2014,10/31/2014,7:56:45,ESQUEL,CONSULTA
43120,2014,10/30/2014,13:48:31,COMODORO RIVADAVIA,CONSULTA
43115,2014,10/28/2014,12:17:25,COMODORO RIVADAVIA,CONSULTA
43109,2014,10/22/2014,17:11:19,0,CONSULTA
43105,2014,10/21/2014,16:52:56,ESQUEL,CONSULTA
43104,2014,10/21/2014,12:20:22,FORMOSA,CONSULTA
43099,2014,10/20/2014,21:09:33,TRELEW,CONSULTA
43098,2014,10/20/2014,13:08:59,PUERTO MADRYN,CONSULTA
43097,2014,10/19/2014,20:54:06,TRELEW,CONSULTA
43084,2014,10/10/2014,23:55:36,BUENOS AIRES,CONSULTA
43083,2014,10/10/2014,12:58:13,COMODORO RIVADAVIA,CONSULTA
43078,2014,10/02/2014,2:31:45,0,CONSULTA
43077,2014,10/02/2014,2:29:18,FORMOSA,CONSULTA
43069,2014,9/28/2014,17:48:28,BUENOS AIRES,CONSULTA
43068,2014,9/27/2014,17:48:16,0,CONSULTA
43067,2014,9/26/2014,18:58:29,0,CONSULTA
43063,2014,9/24/2014,15:59:30,COMODORO RIVADAVIA,CONSULTA
43060,2014,9/22/2014,9:46:47,EL HOYO,CONSULTA
43057,2014,9/19/2014,20:11:30,PUERTO MADRYN,CONSULTA
43054,2014,9/18/2014,10:26:58,0,CONSULTA
43049,2014,9/12/2014,20:16:48,PUERTO MADRYN,CONSULTA
43048,2014,9/12/2014,18:13:26,RIO MAYO,CONSULTA
43043,2014,9/10/2014,16:43:20,MORENO,CONSULTA
43042,2014,9/10/2014,1:39:26,SAN MARTIN MENDOZA,CONSULTA
43033,2014,9/08/2014,18:10:42,BANFIELD,CONSULTA
43031,2014,9/07/2014,14:38:46,COMODORO RIVADAVIA,CONSULTA
43016,2014,8/29/2014,11:35:18,LAGO PUELO,CONSULTA
43011,2014,8/22/2014,10:47:17,EL HOYO,CONSULTA
43007,2014,8/21/2014,10:55:46,BUENOS AIRES,CONSULTA
43004,2014,8/19/2014,13:00:50,TRELEW,CONSULTA
42992,2014,8/13/2014,12:48:42,RADA TILLY,CONSULTA
42977,2014,8/05/2014,11:00:08,COMODORO RIVADAVIA,CONSULTA
42975,2014,8/04/2014,9:36:51,TRELEW,CONSULTA
42966,2014,7/30/2014,16:01:54,CHOLILA,CONSULTA
42962,2014,7/28/2014,15:56:56,TRELEW,CONSULTA
42958,2014,7/25/2014,12:43:45,COMODORO RIVADAVIA,CONSULTA
42957,2014,7/25/2014,9:38:29,TRELEW,CONSULTA
42956,2014,7/24/2014,21:50:48,0,CONSULTA
42955,2014,7/24/2014,21:49:57,SALTA,CONSULTA
42954,2014,7/24/2014,20:17:20,TREVELIN,CONSULTA
42953,2014,7/24/2014,0:00:35,ESQUEL,CONSULTA
42952,2014,7/22/2014,20:21:20,COMODORO RIVADAVIA,CONSULTA
42947,2014,7/19/2014,17:23:05,CLORINDA - FSA,CONSULTA
42943,2014,7/15/2014,19:06:51,PUERTO MADRYN,CONSULTA
42934,2014,7/06/2014,22:23:00,COMODORO RIVADAVIA,CONSULTA
42933,2014,7/06/2014,14:37:28,LAGO PUELO,CONSULTA
42930,2014,7/04/2014,13:36:22,NEUQUEN,CONSULTA
42922,2014,7/02/2014,21:55:21,QUILMES BS.AS.,CONSULTA
42916,2014,7/02/2014,10:50:15,TRELEW,CONSULTA
42909,2014,6/28/2014,16:28:24,0,CONSULTA
42908,2014,6/26/2014,16:53:14,LAGO PUELO,CONSULTA
42901,2014,6/21/2014,17:07:03,ESQUEL,CONSULTA
42899,2014,6/19/2014,20:21:20,COMODORO RIVADAVIA,CONSULTA
42896,2014,6/18/2014,12:49:04,TRELEW,CONSULTA
42894,2014,6/16/2014,14:50:49,COMODORO RIVADAVIA,CONSULTA
42893,2014,6/16/2014,12:43:46,PUERTO MADRYN,CONSULTA
42890,2014,6/14/2014,20:31:19,BUENOS AIRES,CONSULTA
42889,2014,6/13/2014,17:35:46,TRELEW,CONSULTA
42887,2014,6/13/2014,9:55:38,SARMIENTO,CONSULTA
42886,2014,6/13/2014,0:11:08,COMODORO RIVADAVIA,CONSULTA
42884,2014,6/12/2014,10:56:09,TRELEW,CONSULTA
42883,2014,6/12/2014,9:25:20,CHOLILA,CONSULTA
42882,2014,6/12/2014,7:57:01,PUERTO MADRYN,CONSULTA
42881,2014,6/11/2014,19:41:56,ESQUEL,CONSULTA
42878,2014,6/11/2014,11:00:42,TRELEW,CONSULTA
42877,2014,6/11/2014,8:15:19,0,CONSULTA
42874,2014,6/10/2014,15:07:13,CHOLILA,CONSULTA
42873,2014,6/10/2014,9:48:55,BUENOS AIRES,CONSULTA
42872,2014,6/10/2014,9:47:33,BUENOS AIRES,CONSULTA
42867,2014,6/06/2014,14:13:24,COMODORO RIVADAVIA,CONSULTA
42864,2014,6/04/2014,9:03:01,ESQUEL,CONSULTA
42863,2014,6/03/2014,16:28:23,BUENOS AIRES,CONSULTA
42862,2014,6/03/2014,12:03:05,RIO MAYO,CONSULTA
42860,2014,6/02/2014,11:44:10,GOBERNADOR COSTA,CONSULTA
42855,2014,5/30/2014,21:47:50,TRELEW,CONSULTA
42852,2014,5/29/2014,15:41:21,CORDOBA,CONSULTA
42846,2014,5/27/2014,1:53:54,ESQUEL,CONSULTA
42842,2014,5/26/2014,9:45:33,COMODORO RIVADAVIA,CONSULTA
42837,2014,5/23/2014,8:46:17,GODOY CRUZ,CONSULTA
42833,2014,5/22/2014,9:16:23,SARMIENTO,CONSULTA
42832,2014,5/22/2014,0:06:29,GAN GAN,CONSULTA
42821,2014,5/18/2014,23:25:37,BUENOS AIRES,CONSULTA
42815,2014,5/15/2014,17:36:52,BUENOS AIRES,CONSULTA
42810,2014,5/13/2014,23:47:13,COMODORO RIVADAVIA,CONSULTA
42809,2014,5/13/2014,4:20:10,BUENOS AIRES,CONSULTA
42805,2014,5/09/2014,15:25:40,COMODORO RIVADAVIA,CONSULTA
42787,2014,4/26/2014,12:39:05,BAHIA BLANCA,CONSULTA
42784,2014,4/23/2014,14:23:22,PUERTO MADRYN,CONSULTA
42776,2014,4/10/2014,11:23:49,PUERTO MADRYN,CONSULTA
42770,2014,4/08/2014,10:03:59,ESQUEL,CONSULTA
42768,2014,4/07/2014,14:44:11,COMODORO RIVADAVIA,CONSULTA
42765,2014,4/04/2014,18:22:20,ESQUEL,CONSULTA
42764,2014,4/01/2014,16:00:16,LAGO PUELO,CONSULTA
42763,2014,4/01/2014,13:28:59,TRELEW,CONSULTA
42761,2014,3/31/2014,10:19:38,BAHIA BLANCA,CONSULTA
42756,2014,3/21/2014,17:22:59,CARRENLEUFU,CONSULTA
42755,2014,3/21/2014,17:20:02,ESQUEL,CONSULTA
42747,2014,3/13/2014,12:23:25,PUERTO MADRYN,CONSULTA
42739,2014,3/07/2014,9:09:11,ESQUEL,CONSULTA
42734,2014,3/01/2014,1:57:05,COMODORO RIVADAVIA,CONSULTA
42733,2014,2/27/2014,20:31:19,ESQUEL,CONSULTA
42732,2014,2/27/2014,18:36:07,0,CONSULTA
42731,2014,2/27/2014,18:35:19,0,CONSULTA
42729,2014,2/26/2014,11:55:08,LAGO PUELO,CONSULTA
42726,2014,2/24/2014,13:26:40,SARMIENTO,CONSULTA
42722,2014,2/21/2014,10:55:11,0,CONSULTA
42716,2014,2/18/2014,13:16:22,0,CONSULTA
42712,2014,2/13/2014,13:54:28,PUERTO MADRYN,CONSULTA
42701,2014,2/11/2014,9:12:59,COMODORO RIVADAVIA,CONSULTA
42698,2014,2/10/2014,12:59:34,0,CONSULTA
42697,2014,2/10/2014,12:48:44,COMODORO RIVADAVIA,CONSULTA
42690,2014,2/04/2014,12:49:21,ESQUEL,CONSULTA
42689,2014,2/04/2014,11:47:05,CERRO CENTINELA,CONSULTA
42685,2014,1/31/2014,9:31:06,PUERTO MADRYN,CONSULTA
42682,2014,1/30/2014,12:39:43,0,CONSULTA
42681,2014,1/29/2014,11:03:21,LOS ANTIGUOS,CONSULTA
42678,2014,1/28/2014,7:32:03,ESQUEL,CONSULTA
42676,2014,1/27/2014,14:12:10,PUERTO PIRAMIDES,CONSULTA
42670,2014,1/23/2014,19:54:19,RAWSON,CONSULTA
42668,2014,1/22/2014,17:05:53,J.L.SUAREZ,CONSULTA
42665,2014,1/21/2014,15:37:23,PUERTO MADRYN,CONSULTA
42664,2014,1/18/2014,21:35:09,LOS CIPRESES,CONSULTA
42663,2014,1/18/2014,21:32:40,LOS CIPRESES,CONSULTA
42658,2014,1/14/2014,11:19:51,VILLA ELISA LA PLATA,CONSULTA
42646,2014,1/03/2014,22:34:07,RAWSON,CONSULTA
43209,2014,12/31/2014,11:09:14,COMODORO RIVADAVIA,RECLAMO
43208,2014,12/30/2014,1:21:20,COMODORO RIVADAVIA,RECLAMO
43200,2014,12/17/2014,23:36:15,JOSE DE SAN MARTIN,RECLAMO
43194,2014,12/10/2014,19:33:05,COMODORO RIVADAVIA,RECLAMO
43193,2014,12/10/2014,19:27:10,COMODORO RIVADAVIA,RECLAMO
43192,2014,12/10/2014,19:22:38,COMODORO RIVADAVIA,RECLAMO
43191,2014,12/10/2014,19:16:08,COMODORO RIVADAVIA,RECLAMO
43190,2014,12/10/2014,19:09:19,COMODORO RIVADAVIA,RECLAMO
43188,2014,12/08/2014,13:27:57,LAGO PUELO,RECLAMO
43186,2014,12/05/2014,20:51:21,TRELEW,RECLAMO
43184,2014,12/04/2014,17:44:00,LAGO PUELO,RECLAMO
43179,2014,12/02/2014,15:21:06,PLAYA UNION,RECLAMO
43177,2014,11/30/2014,14:06:09,COMODORO RIVADAVIA,RECLAMO
43174,2014,11/28/2014,16:51:36,GAIMAN,RECLAMO
43172,2014,11/27/2014,18:51:29,COMODORO RIVADAVIA,RECLAMO
43170,2014,11/26/2014,12:59:42,TRELEW,RECLAMO
43165,2014,11/25/2014,10:46:13,EL HOYO,RECLAMO
43155,2014,11/17/2014,16:10:27,COMODORO RIVADAVIA,RECLAMO
43153,2014,11/14/2014,12:17:18,ESQUEL,RECLAMO
43147,2014,11/12/2014,13:04:23,RAWSON,RECLAMO
43144,2014,11/11/2014,10:02:07,TRELEW,RECLAMO
43138,2014,11/09/2014,11:00:07,TRELEW,RECLAMO
43137,2014,11/08/2014,22:30:32,COMODORO RIVADAVIA,RECLAMO
43135,2014,11/07/2014,16:10:12,TRELEW,RECLAMO
43134,2014,11/07/2014,13:44:13,0,RECLAMO
43133,2014,11/07/2014,13:42:57,TRELEW,RECLAMO
43132,2014,11/06/2014,18:38:28,RADA TILLY,RECLAMO
43131,2014,11/06/2014,9:51:04,RAWSON,RECLAMO
43128,2014,11/03/2014,15:27:50,0,RECLAMO
43127,2014,11/03/2014,15:10:51,0,RECLAMO
43126,2014,11/03/2014,15:10:33,ESQUEL,RECLAMO
43125,2014,11/03/2014,9:52:16,PUERTO MADRYN,RECLAMO
43124,2014,11/02/2014,9:57:20,COMODORO RIVADAVIA,RECLAMO
43119,2014,10/30/2014,13:02:33,COMODORO RIVADAVIA,RECLAMO
43118,2014,10/30/2014,12:25:41,RAWSON,RECLAMO
43117,2014,10/29/2014,10:08:43,FOFO CAHUEL,RECLAMO
43112,2014,10/27/2014,14:36:17,RAWSON,RECLAMO
43111,2014,10/27/2014,11:11:14,PUERTO MADRYN,RECLAMO
43110,2014,10/25/2014,1:29:32,COMODORO RIVADAVIA,RECLAMO
43107,2014,10/22/2014,15:23:05,RAWSON,RECLAMO
43106,2014,10/21/2014,19:30:12,COMODORO RIVADAVIA,RECLAMO
43096,2014,10/18/2014,19:14:46,TRELEW,RECLAMO
43094,2014,10/16/2014,20:42:43,RAWSON,RECLAMO
43087,2014,10/14/2014,10:37:53,COMODORO RIVADAVIA,RECLAMO
43086,2014,10/12/2014,9:02:29,BUENOS AIRES,RECLAMO
43082,2014,10/08/2014,22:13:58,COMODORO RIVADAVIA,RECLAMO
43073,2014,9/29/2014,13:59:36,TRELEW,RECLAMO
43072,2014,9/29/2014,13:59:36,TRELEW,RECLAMO
43071,2014,9/29/2014,13:59:24,TRELEW,RECLAMO
43070,2014,9/29/2014,9:46:57,ESQUEL,RECLAMO
43065,2014,9/25/2014,1:04:06,TRELEW,RECLAMO
43062,2014,9/23/2014,21:52:13,0,RECLAMO
43061,2014,9/23/2014,21:49:01,EL HOYO,RECLAMO
43059,2014,9/22/2014,5:31:07,COMODORO RIVADAVIA,RECLAMO
43055,2014,9/18/2014,18:50:02,RAWSON,RECLAMO
43050,2014,9/15/2014,23:18:24,COMODORO RIVADAVIA,RECLAMO
43046,2014,9/11/2014,15:54:03,COMODORO RIVADAVIA,RECLAMO
43040,2014,9/09/2014,15:00:23,0,RECLAMO
43039,2014,9/09/2014,15:00:11,0,RECLAMO
43038,2014,9/09/2014,12:39:34,SARMIENTO,RECLAMO
43036,2014,9/09/2014,10:43:30,PUERTO MADRYN,RECLAMO
43034,2014,9/08/2014,19:39:16,0,RECLAMO
43026,2014,9/04/2014,10:39:07,PUERTO MADRYN,RECLAMO
43024,2014,9/03/2014,20:59:46,0,RECLAMO
43023,2014,9/03/2014,20:59:29,0,RECLAMO
43022,2014,9/03/2014,20:58:23,RAWSON,RECLAMO
43021,2014,9/03/2014,19:58:42,TRELEW,RECLAMO
43013,2014,8/26/2014,14:02:28,EL HOYO,RECLAMO
43006,2014,8/20/2014,11:02:36,TRELEW,RECLAMO
43003,2014,8/19/2014,11:18:47,SARMIENTO,RECLAMO
43002,2014,8/19/2014,11:03:00,TRELEW,RECLAMO
43001,2014,8/19/2014,9:49:44,GOBERNADOR COSTA,RECLAMO
43000,2014,8/15/2014,23:17:27,ESQUEL,RECLAMO
42997,2014,8/14/2014,18:13:09,TRELEW,RECLAMO
42995,2014,8/14/2014,11:23:00,EL HOYO,RECLAMO
42983,2014,8/08/2014,9:28:05,PLAYA UNION,RECLAMO
42980,2014,8/06/2014,10:09:56,TRELEW,RECLAMO
42972,2014,8/01/2014,13:52:58,COMODORO RIVADAVIA,RECLAMO
42961,2014,7/28/2014,9:07:23,TRELEW,RECLAMO
42960,2014,7/26/2014,18:28:32,EL BOLSON,RECLAMO
42948,2014,7/20/2014,21:36:03,0,RECLAMO
42946,2014,7/19/2014,8:03:31,0,RECLAMO
42941,2014,7/14/2014,15:45:58,TECKA,RECLAMO
42940,2014,7/11/2014,8:27:11,COMODORO RIVADAVIA,RECLAMO
42936,2014,7/08/2014,12:46:20,PUERTO MADRYN,RECLAMO
42935,2014,7/08/2014,10:50:31,EL MAITEN,RECLAMO
42926,2014,7/03/2014,15:06:27,LAGO PUELO,RECLAMO
42913,2014,6/30/2014,15:23:28,RAWSON,RECLAMO
42911,2014,6/30/2014,12:01:00,COMODORO RIVADAVIA,RECLAMO
42910,2014,6/30/2014,8:55:59,RAWSON,RECLAMO
42904,2014,6/24/2014,20:31:28,CIPOLLETTI,RECLAMO
42898,2014,6/19/2014,11:39:46,PUERTO MADRYN,RECLAMO
42897,2014,6/18/2014,15:40:33,COMODORO RIVADAVIA,RECLAMO
42895,2014,6/17/2014,19:38:24,TREVELIN,RECLAMO
42891,2014,6/16/2014,9:55:30,RAWSON,RECLAMO
42888,2014,6/13/2014,16:34:43,TREVELIN,RECLAMO
42879,2014,6/11/2014,12:24:43,PUERTO MADRYN,RECLAMO
42876,2014,6/10/2014,19:44:57,0,RECLAMO
42869,2014,6/08/2014,22:57:33,ESQUEL,RECLAMO
42859,2014,6/01/2014,16:51:37,PUERTO MADRYN,RECLAMO
42858,2014,6/01/2014,7:28:06,TRELEW,RECLAMO
42853,2014,5/29/2014,23:00:43,TRELEW,RECLAMO
42851,2014,5/29/2014,10:34:08,CORCOVADO,RECLAMO
42847,2014,5/28/2014,14:56:25,LUJAN PCIA BS AS,RECLAMO
42844,2014,5/26/2014,17:52:49,COMODORO RIVADAVIA,RECLAMO
42843,2014,5/26/2014,12:02:10,COMODORO RIVADAVIA,RECLAMO
42841,2014,5/25/2014,9:13:33,PUERTO MADRYN,RECLAMO
42840,2014,5/25/2014,8:26:07,ESQUEL,RECLAMO
42834,2014,5/22/2014,9:17:37,RAWSON,RECLAMO
42831,2014,5/21/2014,17:22:35,TREVELIN,RECLAMO
42829,2014,5/21/2014,13:29:06,COMODORO RIVADAVIA,RECLAMO
42826,2014,5/20/2014,18:47:39,ESQUEL,RECLAMO
42825,2014,5/20/2014,10:22:33,CORCOVADO,RECLAMO
42817,2014,5/16/2014,17:50:31,PUERTO MADRYN,RECLAMO
42811,2014,5/14/2014,8:27:00,RADA TILLY,RECLAMO
42806,2014,5/09/2014,20:16:13,SARMIENTO,RECLAMO
42802,2014,5/08/2014,11:32:54,EL HOYO,RECLAMO
42800,2014,5/07/2014,22:28:44,COMODORO RIVADAVIA,RECLAMO
42797,2014,5/06/2014,22:05:15,ESQUEL,RECLAMO
42795,2014,5/06/2014,12:07:56,GOBERNADOR COSTA,RECLAMO
42793,2014,5/05/2014,17:39:37,PUERTO MADRYN,RECLAMO
42790,2014,5/05/2014,9:59:41,ESQUEL,RECLAMO
42788,2014,4/29/2014,18:41:34,TRELEW,RECLAMO
42786,2014,4/23/2014,19:24:09,COMODORO RIVADAVIA,RECLAMO
42782,2014,4/21/2014,16:49:44,0,RECLAMO
42780,2014,4/14/2014,20:40:33,0,RECLAMO
42779,2014,4/13/2014,0:22:40,COMODORO RIVADAVIA,RECLAMO
42778,2014,4/11/2014,0:38:25,COMODORO RIVADAVIA,RECLAMO
42771,2014,4/08/2014,12:28:06,PLAYA UNION,RECLAMO
42769,2014,4/08/2014,0:25:56,TRELEW,RECLAMO
42762,2014,4/01/2014,12:32:47,COMODORO RIVADAVIA,RECLAMO
42754,2014,3/19/2014,12:37:12,0,RECLAMO
42753,2014,3/18/2014,22:06:56,0,RECLAMO
42750,2014,3/15/2014,10:34:30,CAMARONES,RECLAMO
42749,2014,3/14/2014,23:01:05,CAMARONES,RECLAMO
42743,2014,3/10/2014,1:44:03,TRELEW,RECLAMO
42742,2014,3/09/2014,15:06:56,LAGO BLANCO,RECLAMO
42741,2014,3/07/2014,14:15:09,SARMIENTO,RECLAMO
42737,2014,3/05/2014,10:52:16,TRELEW,RECLAMO
42736,2014,3/04/2014,15:53:21,0,RECLAMO
42735,2014,3/04/2014,10:19:25,CHIVILCOY,RECLAMO
42727,2014,2/24/2014,15:26:12,COMODORO RIVADAVIA,RECLAMO
42718,2014,2/19/2014,14:14:58,RADA TILLY,RECLAMO
42714,2014,2/17/2014,20:03:37,COMODORO RIVADAVIA,RECLAMO
42713,2014,2/16/2014,14:46:39,COMODORO RIVADAVIA,RECLAMO
42709,2014,2/12/2014,12:28:33,TRELEW,RECLAMO
42699,2014,2/10/2014,16:58:14,AVELLANEDA,RECLAMO
42692,2014,2/07/2014,10:00:16,ESQUEL,RECLAMO
42691,2014,2/04/2014,13:19:03,0,RECLAMO
42688,2014,2/02/2014,11:48:04,0,RECLAMO
42687,2014,2/01/2014,20:08:02,ESQUEL,RECLAMO
42679,2014,1/28/2014,17:33:00,PUERTO PIRAMIDES,RECLAMO
42667,2014,1/22/2014,15:49:30,COMODORO RIVADAVIA,RECLAMO
42666,2014,1/21/2014,17:40:28,CIPOLLETTI,RECLAMO
42662,2014,1/16/2014,10:37:46,TRELEW,RECLAMO
42661,2014,1/15/2014,23:13:47,PUERTO MADRYN,RECLAMO
42656,2014,1/13/2014,23:59:14,COMODORO RIVADAVIA,RECLAMO
42650,2014,1/09/2014,21:42:16,0,RECLAMO
42648,2014,1/08/2014,12:12:50,RAWSON,RECLAMO
42974,2014,8/04/2014,1:27:36,PUERTO MADRYN,SALUTACION
43205,2014,12/19/2014,18:37:35,COMODORO RIVADAVIA,SOLICITUD
43202,2014,12/19/2014,2:07:39,TRELEW,SOLICITUD
43197,2014,12/16/2014,7:15:04,COMODORO RIVADAVIA,SOLICITUD
43196,2014,12/12/2014,18:15:43,ESQUEL,SOLICITUD
43189,2014,12/09/2014,8:58:56,TRELEW,SOLICITUD
43187,2014,12/07/2014,3:12:24,COMODORO RIVADAVIA,SOLICITUD
43181,2014,12/03/2014,15:21:55,COMODORO RIVADAVIA,SOLICITUD
43178,2014,12/02/2014,9:55:11,TRELEW,SOLICITUD
43176,2014,11/29/2014,17:50:34,LUIS BELTRAN,SOLICITUD
43173,2014,11/27/2014,19:29:35,ESQUEL,SOLICITUD
43169,2014,11/26/2014,11:50:58,TRELEW,SOLICITUD
43164,2014,11/25/2014,10:28:39,TRELEW,SOLICITUD
43163,2014,11/21/2014,13:29:01,TRELEW,SOLICITUD
43161,2014,11/20/2014,13:46:18,JOSE DE SAN MARTIN,SOLICITUD
43160,2014,11/20/2014,13:38:41,JOSE DE SAN MARTIN,SOLICITUD
43157,2014,11/19/2014,9:03:30,ROSARIO,SOLICITUD
43151,2014,11/13/2014,11:03:05,JOSE DE SAN MARTIN,SOLICITUD
43150,2014,11/13/2014,8:59:38,RAWSON,SOLICITUD
43146,2014,11/11/2014,20:56:37,TRELEW,SOLICITUD
43145,2014,11/11/2014,12:18:28,PUERTO MADRYN,SOLICITUD
43141,2014,11/10/2014,14:07:08,ESQUEL,SOLICITUD
43136,2014,11/08/2014,14:38:44,CAMARONES,SOLICITUD
43129,2014,11/04/2014,11:35:28,RAWSON,SOLICITUD
43116,2014,10/29/2014,7:58:43,COMODORO RIVADAVIA,SOLICITUD
43114,2014,10/28/2014,10:33:59,RAWSON,SOLICITUD
43113,2014,10/27/2014,15:09:07,TRELEW,SOLICITUD
43103,2014,10/21/2014,9:53:52,COMODORO RIVADAVIA,SOLICITUD
43102,2014,10/21/2014,9:33:56,COMODORO RIVADAVIA,SOLICITUD
43101,2014,10/21/2014,9:31:21,COMODORO RIVADAVIA,SOLICITUD
43100,2014,10/21/2014,9:28:02,COMODORO RIVADAVIA,SOLICITUD
43093,2014,10/16/2014,8:08:14,0,SOLICITUD
43092,2014,10/15/2014,9:25:34,RIO MAYO,SOLICITUD
43091,2014,10/14/2014,22:40:20,0,SOLICITUD
43089,2014,10/14/2014,12:38:53,COMODORO RIVADAVIA,SOLICITUD
43088,2014,10/14/2014,11:26:43,RAWSON,SOLICITUD
43081,2014,10/08/2014,14:13:02,RAWSON,SOLICITUD
43080,2014,10/06/2014,15:04:52,CAMARONES,SOLICITUD
43079,2014,10/02/2014,11:59:13,TRELEW,SOLICITUD
43076,2014,10/01/2014,17:31:58,LA PLATA,SOLICITUD
43075,2014,9/29/2014,17:56:05,COMODORO RIVADAVIA,SOLICITUD
43074,2014,9/29/2014,16:42:55,COMODORO RIVADAVIA,SOLICITUD
43066,2014,9/26/2014,13:26:21,GAIMAN,SOLICITUD
43058,2014,9/21/2014,0:54:07,0,SOLICITUD
43053,2014,9/17/2014,10:25:31,PUERTO MADRYN,SOLICITUD
43052,2014,9/17/2014,10:23:05,PUERTO MADRYN,SOLICITUD
43051,2014,9/17/2014,10:20:58,PUERTO MADRYN,SOLICITUD
43045,2014,9/11/2014,11:28:48,PUERTO MADRYN,SOLICITUD
43037,2014,9/09/2014,11:00:56,COMODORO RIVADAVIA,SOLICITUD
43035,2014,9/09/2014,9:47:35,RAWSON,SOLICITUD
43032,2014,9/08/2014,9:23:36,CAMARONES,SOLICITUD
43030,2014,9/06/2014,14:49:55,COMODORO RIVADAVIA,SOLICITUD
43029,2014,9/06/2014,14:49:05,COMODORO RIVADAVIA,SOLICITUD
43025,2014,9/04/2014,0:45:08,PUERTO MADRYN,SOLICITUD
43020,2014,9/03/2014,10:15:47,CHOLILA,SOLICITUD
43019,2014,9/01/2014,19:01:14,PUERTO MADRYN,SOLICITUD
43018,2014,8/31/2014,21:53:42,LAGO PUELO,SOLICITUD
43015,2014,8/26/2014,16:06:36,DOLAVON,SOLICITUD
43012,2014,8/24/2014,14:26:17,0,SOLICITUD
43010,2014,8/21/2014,21:50:27,TUCUMAN,SOLICITUD
43009,2014,8/21/2014,18:29:54,RIO PICO,SOLICITUD
43008,2014,8/21/2014,17:47:44,TRELEW,SOLICITUD
42999,2014,8/15/2014,9:36:34,CAMARONES,SOLICITUD
42998,2014,8/15/2014,8:48:42,CAMARONES,SOLICITUD
42996,2014,8/14/2014,16:09:09,RAWSON,SOLICITUD
42993,2014,8/13/2014,16:58:20,LAGO PUELO,SOLICITUD
42990,2014,8/12/2014,7:45:00,TRELEW,SOLICITUD
42988,2014,8/11/2014,16:18:07,CORDOBA,SOLICITUD
42986,2014,8/09/2014,14:00:21,LAGO PUELO,SOLICITUD
42985,2014,8/08/2014,14:49:57,LAGO PUELO,SOLICITUD
42982,2014,8/08/2014,8:11:17,RAWSON,SOLICITUD
42981,2014,8/08/2014,0:25:33,LAGO PUELO,SOLICITUD
42979,2014,8/06/2014,8:09:37,CAMARONES,SOLICITUD
42978,2014,8/05/2014,12:00:40,COMODORO RIVADAVIA,SOLICITUD
42971,2014,8/01/2014,11:35:08,PUERTO MADRYN,SOLICITUD
42969,2014,7/31/2014,0:08:09,COMODORO RIVADAVIA,SOLICITUD
42968,2014,7/30/2014,23:54:00,COMODORO RIVADAVIA,SOLICITUD
42967,2014,7/30/2014,23:49:19,COMODORO RIVADAVIA,SOLICITUD
42965,2014,7/30/2014,11:21:36,RAWSON,SOLICITUD
42964,2014,7/29/2014,17:13:02,TRELEW,SOLICITUD
42963,2014,7/29/2014,14:14:49,TRELEW,SOLICITUD
42951,2014,7/22/2014,13:18:55,COMODORO RIVADAVIA,SOLICITUD
42950,2014,7/21/2014,15:31:12,ESQUEL,SOLICITUD
42949,2014,7/21/2014,0:27:39,PUERTO MADRYN,SOLICITUD
42945,2014,7/18/2014,20:02:28,TRELEW,SOLICITUD
42944,2014,7/18/2014,20:00:19,TRELEW,SOLICITUD
42942,2014,7/15/2014,16:03:04,COMODORO RIVADAVIA,SOLICITUD
42939,2014,7/10/2014,14:04:28,RAWSON,SOLICITUD
42938,2014,7/10/2014,11:46:28,LAGO PUELO,SOLICITUD
42932,2014,7/05/2014,7:33:55,LAGO PUELO,SOLICITUD
42931,2014,7/05/2014,7:30:22,LAGO PUELO,SOLICITUD
42929,2014,7/04/2014,13:09:55,PUERTO MADRYN,SOLICITUD
42927,2014,7/04/2014,9:14:20,TRELEW,SOLICITUD
42925,2014,7/03/2014,14:48:42,LAGO PUELO,SOLICITUD
42924,2014,7/03/2014,11:38:45,COMODORO RIVADAVIA,SOLICITUD
42923,2014,7/02/2014,22:27:59,COMODORO RIVADAVIA,SOLICITUD
42921,2014,7/02/2014,20:14:50,COMODORO RIVADAVIA,SOLICITUD
42920,2014,7/02/2014,14:10:12,COMODORO RIVADAVIA,SOLICITUD
42919,2014,7/02/2014,14:01:49,COMODORO RIVADAVIA,SOLICITUD
42917,2014,7/02/2014,10:59:44,COMODORO RIVADAVIA,SOLICITUD
42915,2014,7/01/2014,23:46:07,COMODORO RIVADAVIA,SOLICITUD
42914,2014,6/30/2014,20:40:12,SARMIENTO,SOLICITUD
42912,2014,6/30/2014,13:28:57,PUERTO MADRYN,SOLICITUD
42906,2014,6/25/2014,2:33:17,PUERTO MADRYN,SOLICITUD
42903,2014,6/24/2014,19:58:54,TRELEW,SOLICITUD
42902,2014,6/23/2014,13:35:02,CAMARONES,SOLICITUD
42900,2014,6/20/2014,11:55:56,PUERTO MADRYN,SOLICITUD
42892,2014,6/16/2014,12:08:26,RAWSON,SOLICITUD
42880,2014,6/11/2014,18:35:58,QUILMES BS.AS.,SOLICITUD
42875,2014,6/10/2014,19:16:14,TRELEW,SOLICITUD
42870,2014,6/09/2014,11:35:04,0,SOLICITUD
42865,2014,6/05/2014,17:28:26,COMODORO RIVADAVIA,SOLICITUD
42861,2014,6/02/2014,19:50:53,TRELEW,SOLICITUD
42857,2014,5/31/2014,16:38:41,QUILMES BS.AS.,SOLICITUD
42854,2014,5/30/2014,19:32:35,PLAYA UNION,SOLICITUD
42850,2014,5/29/2014,10:16:58,CORCOVADO,SOLICITUD
42849,2014,5/28/2014,20:22:27,0,SOLICITUD
42848,2014,5/28/2014,19:33:31,PUERTO MADRYN,SOLICITUD
42838,2014,5/23/2014,11:40:33,COMODORO RIVADAVIA,SOLICITUD
42836,2014,5/22/2014,19:17:43,GAIMAN,SOLICITUD
42830,2014,5/21/2014,13:46:02,CHOLILA,SOLICITUD
42827,2014,5/21/2014,1:10:41,RAWSON,SOLICITUD
42824,2014,5/19/2014,23:20:24,ESQUEL,SOLICITUD
42823,2014,5/19/2014,11:16:48,SANTA FE,SOLICITUD
42822,2014,5/19/2014,11:11:30,SANTA FE,SOLICITUD
42819,2014,5/17/2014,19:05:32,0,SOLICITUD
42816,2014,5/15/2014,18:56:40,PUERTO MADRYN,SOLICITUD
42814,2014,5/15/2014,17:29:33,LA RIOJA,SOLICITUD
42813,2014,5/15/2014,9:14:00,TRELEW,SOLICITUD
42812,2014,5/15/2014,1:37:28,LA RIOJA,SOLICITUD
42808,2014,5/12/2014,16:09:50,SARMIENTO,SOLICITUD
42801,2014,5/08/2014,9:29:58,COMODORO RIVADAVIA,SOLICITUD
42796,2014,5/06/2014,13:09:01,PUERTO MADRYN,SOLICITUD
42794,2014,5/06/2014,11:54:00,0,SOLICITUD
42792,2014,5/05/2014,11:08:53,0,SOLICITUD
42791,2014,5/05/2014,10:46:39,COMODORO RIVADAVIA,SOLICITUD
42789,2014,5/03/2014,20:17:10,COMODORO RIVADAVIA,SOLICITUD
42783,2014,4/23/2014,9:35:33,PUERTO MADRYN,SOLICITUD
42781,2014,4/15/2014,13:17:27,PUERTO MADRYN,SOLICITUD
42774,2014,4/09/2014,11:19:11,COMODORO RIVADAVIA,SOLICITUD
42773,2014,4/09/2014,11:18:30,COMODORO RIVADAVIA,SOLICITUD
42772,2014,4/08/2014,20:35:15,GAIMAN,SOLICITUD
42766,2014,4/04/2014,20:29:23,COMODORO RIVADAVIA,SOLICITUD
42760,2014,3/30/2014,23:44:18,TRELEW,SOLICITUD
42759,2014,3/28/2014,9:34:48,TRELEW,SOLICITUD
42757,2014,3/24/2014,12:08:04,ESQUEL,SOLICITUD
42752,2014,3/18/2014,14:18:16,ESQUEL,SOLICITUD
42751,2014,3/16/2014,21:03:41,RADA TILLY,SOLICITUD
42748,2014,3/14/2014,14:38:54,COMODORO RIVADAVIA,SOLICITUD
42746,2014,3/12/2014,23:05:42,COMODORO RIVADAVIA,SOLICITUD
42744,2014,3/10/2014,13:54:49,ESQUEL,SOLICITUD
42738,2014,3/05/2014,13:39:09,0,SOLICITUD
42730,2014,2/26/2014,22:21:59,PUERTO MADRYN,SOLICITUD
42725,2014,2/23/2014,10:52:16,RAWSON,SOLICITUD
42723,2014,2/21/2014,14:21:52,ESQUEL,SOLICITUD
42721,2014,2/20/2014,16:01:52,SAN MIGUEL DE TUCUMAN,SOLICITUD
42720,2014,2/19/2014,16:11:34,TRELEW,SOLICITUD
42717,2014,2/18/2014,13:48:44,RAWSON,SOLICITUD
42711,2014,2/13/2014,13:01:26,0,SOLICITUD
42710,2014,2/12/2014,13:43:40,SARMIENTO,SOLICITUD
42708,2014,2/12/2014,11:20:21,TRELEW,SOLICITUD
42707,2014,2/12/2014,10:21:07,GAIMAN,SOLICITUD
42706,2014,2/11/2014,23:54:02,BUENOS AIRES,SOLICITUD
42705,2014,2/11/2014,18:37:32,0,SOLICITUD
42704,2014,2/11/2014,15:24:27,PLAYA UNION,SOLICITUD
42703,2014,2/11/2014,12:48:10,0,SOLICITUD
42700,2014,2/10/2014,19:56:00,CHOLILA,SOLICITUD
42694,2014,2/07/2014,14:43:21,PLAYA UNION,SOLICITUD
42693,2014,2/07/2014,13:11:49,COMODORO RIVADAVIA,SOLICITUD
42686,2014,2/01/2014,10:48:22,TREVELIN,SOLICITUD
42684,2014,1/30/2014,21:55:04,0,SOLICITUD
42683,2014,1/30/2014,15:53:09,FORMOSA,SOLICITUD
42680,2014,1/28/2014,22:52:17,ESQUEL,SOLICITUD
42677,2014,1/27/2014,14:43:20,TRELEW,SOLICITUD
42675,2014,1/25/2014,9:22:43,COMODORO RIVADAVIA,SOLICITUD
42669,2014,1/22/2014,20:52:05,ESQUEL,SOLICITUD
42659,2014,1/14/2014,22:35:40,PUERTO MADRYN,SOLICITUD
42654,2014,1/10/2014,23:02:21,PLAYA UNION,SOLICITUD
42649,2014,1/08/2014,13:24:52,ESQUEL,SOLICITUD
42647,2014,1/06/2014,14:42:52,TRELEW,SOLICITUD
43204,2014,12/19/2014,12:49:37,SARMIENTO,SUGERENCIA
43149,2014,11/13/2014,7:40:52,TRELEW,SUGERENCIA
43108,2014,10/22/2014,17:06:38,TRELEW,SUGERENCIA
43017,2014,8/29/2014,12:12:08,TRELEW,SUGERENCIA
42994,2014,8/14/2014,10:15:11,RAWSON,SUGERENCIA
42976,2014,8/04/2014,16:22:24,COMODORO RIVADAVIA,SUGERENCIA
42973,2014,8/01/2014,20:00:59,TRELEW,SUGERENCIA
42918,2014,7/02/2014,11:24:05,SARMIENTO,SUGERENCIA
42885,2014,6/12/2014,11:13:46,0,SUGERENCIA
42804,2014,5/09/2014,15:15:43,COMODORO RIVADAVIA,SUGERENCIA
42803,2014,5/09/2014,10:08:54,0,SUGERENCIA
42798,2014,5/07/2014,13:58:32,ESQUEL,SUGERENCIA
42785,2014,4/23/2014,16:02:24,BUENOS AIRES,SUGERENCIA
42745,2014,3/12/2014,12:17:48,COMODORO RIVADAVIA,SUGERENCIA
42724,2014,2/21/2014,14:57:42,GAIMAN,SUGERENCIA
42719,2014,2/19/2014,14:33:46,0,SUGERENCIA
42702,2014,2/11/2014,12:36:55,BAHIA BLANCA,SUGERENCIA
43198,2014,12/16/2014,17:22:09,COMODORO RIVADAVIA,OTRO
43180,2014,12/02/2014,17:06:27,COMODORO RIVADAVIA,OTRO
43175,2014,11/28/2014,19:36:28,PUERTO MADRYN,OTRO
43162,2014,11/21/2014,10:25:54,PLAYA UNION,OTRO
43159,2014,11/20/2014,9:35:14,COMODORO RIVADAVIA,OTRO
43158,2014,11/19/2014,21:42:16,TRELEW,OTRO
43156,2014,11/17/2014,20:35:58,ESQUEL,OTRO
43140,2014,11/10/2014,10:50:24,SARMIENTO,OTRO
43095,2014,10/17/2014,11:03:07,PUERTO MADRYN,OTRO
43085,2014,10/11/2014,11:27:01,COMODORO RIVADAVIA,OTRO
43056,2014,9/19/2014,9:28:33,0,OTRO
43047,2014,9/11/2014,17:35:10,RAWSON,OTRO
43044,2014,9/10/2014,21:29:35,COMODORO RIVADAVIA,OTRO
43041,2014,9/09/2014,21:59:46,COMODORO RIVADAVIA,OTRO
43028,2014,9/05/2014,14:08:05,COMODORO RIVADAVIA,OTRO
43027,2014,9/04/2014,12:49:21,LAGO PUELO,OTRO
43005,2014,8/19/2014,15:43:20,0,OTRO
42970,2014,7/31/2014,12:38:42,TRELEW,OTRO
42959,2014,7/26/2014,16:06:55,LAGO PUELO,OTRO
42928,2014,7/04/2014,13:05:11,PUERTO MADRYN,OTRO
42907,2014,6/25/2014,11:59:19,BUENOS AIRES,OTRO
42905,2014,6/24/2014,21:33:06,PUERTO MADRYN,OTRO
42871,2014,6/09/2014,11:37:52,TRELEW,OTRO
42868,2014,6/08/2014,20:08:15,0,OTRO
42866,2014,6/05/2014,21:03:06,COMODORO RIVADAVIA,OTRO
42845,2014,5/26/2014,23:50:54,PUERTO MADRYN,OTRO
42839,2014,5/23/2014,13:53:19,RAWSON,OTRO
42835,2014,5/22/2014,9:20:50,COMODORO RIVADAVIA,OTRO
42828,2014,5/21/2014,13:03:01,RAWSON,OTRO
42820,2014,5/17/2014,19:36:40,0,OTRO
42818,2014,5/16/2014,18:25:28,COMODORO RIVADAVIA,OTRO
42807,2014,5/09/2014,20:19:58,0,OTRO
42799,2014,5/07/2014,18:56:40,COMODORO RIVADAVIA,OTRO
42777,2014,4/10/2014,21:55:13,COMODORO RIVADAVIA,OTRO
42758,2014,3/24/2014,21:34:28,COMODORO RIVADAVIA,OTRO
42740,2014,3/07/2014,13:52:34,RAWSON,OTRO
42715,2014,2/18/2014,0:16:24,RAWSON,OTRO
42695,2014,2/09/2014,21:21:42,LAGO PUELO,OTRO
42674,2014,1/24/2014,19:08:50,RAWSON,OTRO
42673,2014,1/24/2014,19:04:01,0,OTRO
42672,2014,1/24/2014,18:57:48,RAWSON,OTRO
42671,2014,1/24/2014,10:21:31,RADA TILLY,OTRO
42660,2014,1/15/2014,12:50:13,TRELEW,OTRO
42655,2014,1/13/2014,20:40:40,SANTIAGO DEL ESTERO,OTRO
42653,2014,1/10/2014,20:58:50,0,OTRO
42652,2014,1/10/2014,20:56:02,0,OTRO
42651,2014,1/10/2014,2:35:45,COMODORO RIVADAVIA,OTRO
42645,2014,1/03/2014,21:29:02,PLAYA UNION,OTRO
43641,2015,10/17/2015,12:07:29,COMODORO RIVADAVIA,AGRADECIMIENTO
43558,2015,8/28/2015,0:43:16,GOBERNADOR COSTA,AGRADECIMIENTO
43270,2015,3/03/2015,22:50:38,COMODORO RIVADAVIA,AGRADECIMIENTO
43601,2015,9/25/2015,13:52:47,PUERTO MADRYN,COMENTARIO
43555,2015,8/27/2015,8:46:05,RIO MAYO,COMENTARIO
43525,2015,8/10/2015,20:19:12,TRELEW,COMENTARIO
43463,2015,7/07/2015,11:49:21,EL HOYO,COMENTARIO
43416,2015,6/04/2015,19:25:45,COMODORO RIVADAVIA,COMENTARIO
43366,2015,5/08/2015,23:24:00,TRELEW,COMENTARIO
43268,2015,3/01/2015,19:28:57,ESQUEL,COMENTARIO
43251,2015,2/05/2015,12:10:14,ESQUEL,COMENTARIO
43241,2015,1/26/2015,12:33:26,PUERTO MADRYN,COMENTARIO
43672,2015,12/29/2015,16:24:50,0,CONSULTA
43670,2015,12/28/2015,14:22:17,PUERTO MADRYN,CONSULTA
43665,2015,12/26/2015,12:09:46,RAWSON,CONSULTA
43659,2015,12/09/2015,22:32:47,TRELEW,CONSULTA
43654,2015,11/17/2015,9:40:19,0,CONSULTA
43653,2015,11/17/2015,9:37:47,0,CONSULTA
43649,2015,11/11/2015,16:40:30,COMODORO RIVADAVIA,CONSULTA
43647,2015,11/02/2015,8:12:22,0,CONSULTA
43646,2015,11/02/2015,8:11:59,ESQUEL,CONSULTA
43645,2015,10/29/2015,19:22:04,PUERTO MADRYN,CONSULTA
43640,2015,10/16/2015,11:50:55,TRELEW,CONSULTA
43635,2015,10/14/2015,12:59:04,TRELEW,CONSULTA
43633,2015,10/12/2015,22:15:52,MAR DEL PLATA,CONSULTA
43626,2015,10/06/2015,10:44:21,MENDOZA,CONSULTA
43625,2015,10/05/2015,17:35:05,COMODORO RIVADAVIA,CONSULTA
43623,2015,10/02/2015,0:27:28,ESQUEL,CONSULTA
43621,2015,10/01/2015,11:52:53,COMODORO RIVADAVIA,CONSULTA
43620,2015,10/01/2015,10:10:25,LAGO PUELO,CONSULTA
43619,2015,10/01/2015,8:19:34,ESQUEL,CONSULTA
43615,2015,9/29/2015,21:42:30,COMODORO RIVADAVIA,CONSULTA
43613,2015,9/29/2015,16:13:33,PUERTO MADRYN,CONSULTA
43612,2015,9/29/2015,12:32:13,COMODORO RIVADAVIA,CONSULTA
43605,2015,9/25/2015,20:05:41,RAWSON,CONSULTA
43604,2015,9/25/2015,19:58:38,RAWSON,CONSULTA
43603,2015,9/25/2015,18:56:38,COMODORO RIVADAVIA,CONSULTA
43602,2015,9/25/2015,14:13:59,PUERTO MADRYN,CONSULTA
43588,2015,9/16/2015,15:41:34,TRELEW,CONSULTA
43586,2015,9/15/2015,11:55:33,LAGO PUELO,CONSULTA
43585,2015,9/14/2015,10:32:51,TRELEW,CONSULTA
43582,2015,9/11/2015,11:25:58,TRELEW,CONSULTA
43578,2015,9/07/2015,18:43:11,RAWSON,CONSULTA
43576,2015,9/04/2015,11:42:13,COMODORO RIVADAVIA,CONSULTA
43575,2015,9/03/2015,13:11:22,PUERTO MADRYN,CONSULTA
43573,2015,9/02/2015,17:46:30,0,CONSULTA
43572,2015,9/02/2015,17:46:25,0,CONSULTA
43571,2015,9/02/2015,17:46:18,TRELEW,CONSULTA
43570,2015,9/02/2015,13:33:23,BARILOCHE,CONSULTA
43569,2015,9/01/2015,17:19:08,BUENOS AIRES,CONSULTA
43568,2015,8/31/2015,17:54:44,PUERTO MADRYN,CONSULTA
43567,2015,8/31/2015,15:54:05,PUERTO MADRYN,CONSULTA
43566,2015,8/31/2015,12:23:21,TRELEW,CONSULTA
43565,2015,8/31/2015,12:10:28,COMODORO RIVADAVIA,CONSULTA
43554,2015,8/27/2015,1:48:25,TRELEW,CONSULTA
43553,2015,8/25/2015,22:44:15,COMODORO RIVADAVIA,CONSULTA
43552,2015,8/25/2015,20:15:40,3 DE FEBRERO,CONSULTA
43551,2015,8/25/2015,1:02:12,TRELEW,CONSULTA
43549,2015,8/24/2015,15:09:19,0,CONSULTA
43548,2015,8/20/2015,20:18:49,TRELEW,CONSULTA
43537,2015,8/15/2015,21:44:47,EL MAITEN,CONSULTA
43534,2015,8/15/2015,11:05:43,COMODORO RIVADAVIA,CONSULTA
43530,2015,8/12/2015,15:36:47,PUERTO MADRYN,CONSULTA
43529,2015,8/12/2015,10:52:54,RAWSON,CONSULTA
43514,2015,7/31/2015,11:53:58,0,CONSULTA
43513,2015,7/31/2015,11:53:02,RAWSON,CONSULTA
43512,2015,7/31/2015,11:19:06,PUERTO MADRYN,CONSULTA
43509,2015,7/30/2015,12:14:38,ESQUEL,CONSULTA
43508,2015,7/29/2015,19:45:06,COMODORO RIVADAVIA,CONSULTA
43500,2015,7/27/2015,11:43:38,COMODORO RIVADAVIA,CONSULTA
43498,2015,7/25/2015,13:12:19,PASO DE INDIOS,CONSULTA
43497,2015,7/24/2015,11:08:43,RAWSON,CONSULTA
43494,2015,7/23/2015,12:39:53,TRELEW,CONSULTA
43493,2015,7/23/2015,10:45:48,TRELEW,CONSULTA
43492,2015,7/22/2015,11:54:26,CHACRAS DE CORIA,CONSULTA
43487,2015,7/18/2015,17:20:29,PUERTO MADRYN,CONSULTA
43486,2015,7/18/2015,16:54:51,0,CONSULTA
43485,2015,7/18/2015,16:52:29,PUERTO MADRYN,CONSULTA
43483,2015,7/17/2015,20:57:40,PUERTO MADRYN,CONSULTA
43482,2015,7/17/2015,20:56:57,PUERTO MADRYN,CONSULTA
43478,2015,7/16/2015,13:49:27,COMODORO RIVADAVIA,CONSULTA
43477,2015,7/16/2015,11:57:15,ESQUEL,CONSULTA
43471,2015,7/10/2015,16:31:37,TRELEW,CONSULTA
43470,2015,7/08/2015,20:38:22,SARMIENTO,CONSULTA
43464,2015,7/07/2015,12:31:40,EL HOYO,CONSULTA
43460,2015,7/06/2015,9:15:46,TRELEW,CONSULTA
43456,2015,7/01/2015,21:28:49,TRELEW,CONSULTA
43453,2015,6/30/2015,13:15:46,CARRENLEUFU,CONSULTA
43445,2015,6/24/2015,17:57:40,PUERTO MADRYN,CONSULTA
43440,2015,6/23/2015,15:44:57,GAIMAN,CONSULTA
43437,2015,6/21/2015,21:12:25,TRELEW,CONSULTA
43433,2015,6/17/2015,7:53:12,COMODORO RIVADAVIA,CONSULTA
43423,2015,6/09/2015,13:56:44,PLAYA UNION,CONSULTA
43421,2015,6/08/2015,17:21:29,TREVELIN,CONSULTA
43417,2015,6/04/2015,23:13:04,COMODORO RIVADAVIA,CONSULTA
43413,2015,6/04/2015,10:40:26,0,CONSULTA
43405,2015,6/01/2015,22:07:52,TRELEW,CONSULTA
43404,2015,6/01/2015,13:56:06,ESQUEL,CONSULTA
43399,2015,5/29/2015,13:02:04,COMODORO RIVADAVIA,CONSULTA
43391,2015,5/26/2015,10:07:00,ESQUEL,CONSULTA
43387,2015,5/23/2015,10:52:48,COMODORO RIVADAVIA,CONSULTA
43373,2015,5/14/2015,14:45:00,PUERTO MADRYN,CONSULTA
43365,2015,5/08/2015,16:21:34,0,CONSULTA
43364,2015,5/08/2015,16:21:19,0,CONSULTA
43363,2015,5/08/2015,16:20:21,TRELEW,CONSULTA
43356,2015,5/04/2015,12:30:09,RAWSON,CONSULTA
43354,2015,4/29/2015,19:39:13,0,CONSULTA
43352,2015,4/28/2015,16:03:12,COMODORO RIVADAVIA,CONSULTA
43351,2015,4/27/2015,21:49:03,COMODORO RIVADAVIA,CONSULTA
43348,2015,4/24/2015,15:24:03,PUERTO MADRYN,CONSULTA
43347,2015,4/23/2015,16:07:59,PUERTO MADRYN,CONSULTA
43345,2015,4/21/2015,15:15:34,SAN SALVADOR DE JUJUY,CONSULTA
43337,2015,4/16/2015,11:26:40,COMODORO RIVADAVIA,CONSULTA
43336,2015,4/15/2015,17:42:33,RAWSON,CONSULTA
43332,2015,4/15/2015,8:55:12,PUERTO MADRYN,CONSULTA
43329,2015,4/14/2015,11:33:36,COMODORO RIVADAVIA,CONSULTA
43321,2015,4/11/2015,3:03:57,TREVELIN,CONSULTA
43320,2015,4/11/2015,2:59:12,TREVELIN,CONSULTA
43318,2015,4/08/2015,18:57:28,ESQUEL,CONSULTA
43312,2015,4/07/2015,13:27:27,PUERTO MADRYN,CONSULTA
43308,2015,4/01/2015,15:22:28,BUENOS AIRES,CONSULTA
43305,2015,3/31/2015,12:18:49,ESQUEL,CONSULTA
43302,2015,3/29/2015,22:26:36,COMODORO RIVADAVIA,CONSULTA
43294,2015,3/26/2015,16:07:44,0,CONSULTA
43292,2015,3/24/2015,23:10:02,TRELEW,CONSULTA
43284,2015,3/16/2015,12:32:45,GONZALEA CATAN,CONSULTA
43281,2015,3/13/2015,17:03:33,TREVELIN,CONSULTA
43278,2015,3/12/2015,13:10:49,TRELEW,CONSULTA
43276,2015,3/09/2015,18:42:32,COMODORO RIVADAVIA,CONSULTA
43274,2015,3/05/2015,17:52:12,TRELEW,CONSULTA
43273,2015,3/05/2015,8:29:58,TRELEW,CONSULTA
43272,2015,3/05/2015,7:51:39,0,CONSULTA
43267,2015,2/28/2015,11:25:40,PUERTO PIRAMIDES,CONSULTA
43266,2015,2/27/2015,14:09:08,RADA TILLY,CONSULTA
43264,2015,2/23/2015,12:43:21,JOSE C PAZ,CONSULTA
43263,2015,2/23/2015,9:30:17,RADA TILLY,CONSULTA
43261,2015,2/22/2015,20:53:09,RAWSON,CONSULTA
43258,2015,2/12/2015,10:10:33,TRELEW,CONSULTA
43255,2015,2/10/2015,12:40:05,0,CONSULTA
43254,2015,2/10/2015,2:00:22,TRELEW,CONSULTA
43253,2015,2/07/2015,18:12:26,ESQUEL,CONSULTA
43248,2015,2/02/2015,16:06:06,GOBERNADOR COSTA,CONSULTA
43242,2015,1/26/2015,22:29:43,ESQUEL,CONSULTA
43237,2015,1/22/2015,9:23:19,ROSARIO,CONSULTA
43232,2015,1/18/2015,5:15:08,COMODORO RIVADAVIA,CONSULTA
43229,2015,1/15/2015,10:14:31,CARRENLEUFU,CONSULTA
43224,2015,1/12/2015,11:19:08,0,CONSULTA
43220,2015,1/09/2015,10:31:29,PUERTO MADRYN,CONSULTA
43218,2015,1/08/2015,10:45:58,0,CONSULTA
43674,2015,12/30/2015,20:23:12,RAWSON,RECLAMO
43669,2015,12/28/2015,11:33:32,ESQUEL,RECLAMO
43666,2015,12/27/2015,8:17:02,SAN ANTONIO DE PADUA - PROV. B,RECLAMO
43662,2015,12/23/2015,14:15:27,ESQUEL,RECLAMO
43661,2015,12/23/2015,13:04:05,EL HOYO,RECLAMO
43658,2015,12/01/2015,15:14:06,SARMIENTO,RECLAMO
43657,2015,12/01/2015,15:13:18,SARMIENTO,RECLAMO
43656,2015,11/20/2015,8:49:29,RAWSON,RECLAMO
43655,2015,11/19/2015,13:32:09,TRELEW,RECLAMO
43650,2015,11/13/2015,11:40:56,0,RECLAMO
43648,2015,11/07/2015,15:20:55,COMODORO RIVADAVIA,RECLAMO
43644,2015,10/27/2015,12:33:56,TRELEW,RECLAMO
43643,2015,10/22/2015,23:25:03,TRELEW,RECLAMO
43634,2015,10/13/2015,12:51:51,ESQUEL,RECLAMO
43632,2015,10/11/2015,19:04:03,0,RECLAMO
43629,2015,10/06/2015,15:38:20,BUENOS AIRES,RECLAMO
43618,2015,9/30/2015,23:49:42,COMODORO RIVADAVIA,RECLAMO
43611,2015,9/28/2015,22:39:30,COMODORO RIVADAVIA,RECLAMO
43607,2015,9/28/2015,13:40:18,RAWSON,RECLAMO
43606,2015,9/27/2015,13:41:54,RIO PICO,RECLAMO
43599,2015,9/23/2015,10:34:13,TRELEW,RECLAMO
43597,2015,9/22/2015,11:20:04,COMODORO RIVADAVIA,RECLAMO
43596,2015,9/21/2015,12:06:54,GAIMAN,RECLAMO
43595,2015,9/20/2015,13:51:22,RAWSON,RECLAMO
43592,2015,9/18/2015,11:52:36,COMODORO RIVADAVIA,RECLAMO
43581,2015,9/10/2015,10:18:15,COMODORO RIVADAVIA,RECLAMO
43577,2015,9/07/2015,12:25:57,TRELEW,RECLAMO
43574,2015,9/03/2015,10:09:59,RAWSON,RECLAMO
43564,2015,8/31/2015,10:30:28,ESQUEL,RECLAMO
43562,2015,8/28/2015,16:13:27,ESQUEL,RECLAMO
43561,2015,8/28/2015,15:52:16,ESQUEL,RECLAMO
43557,2015,8/27/2015,17:49:14,RAWSON,RECLAMO
43556,2015,8/27/2015,11:15:24,TRELEW,RECLAMO
43543,2015,8/18/2015,16:40:36,PUERTO MADRYN,RECLAMO
43531,2015,8/13/2015,14:30:33,EL HOYO,RECLAMO
43526,2015,8/11/2015,9:32:15,PUERTO MADRYN,RECLAMO
43523,2015,8/10/2015,11:42:07,PUERTO MADRYN,RECLAMO
43519,2015,8/04/2015,7:27:14,TRELEW,RECLAMO
43517,2015,8/03/2015,16:19:14,0,RECLAMO
43506,2015,7/29/2015,11:33:38,GAIMAN,RECLAMO
43504,2015,7/27/2015,19:34:44,0,RECLAMO
43495,2015,7/23/2015,16:50:14,TECKA,RECLAMO
43488,2015,7/19/2015,16:12:26,COMODORO RIVADAVIA,RECLAMO
43480,2015,7/16/2015,22:44:39,PUERTO MADRYN,RECLAMO
43475,2015,7/12/2015,16:00:24,COMODORO RIVADAVIA,RECLAMO
43473,2015,7/11/2015,18:54:16,COMODORO RIVADAVIA,RECLAMO
43466,2015,7/07/2015,23:19:50,0,RECLAMO
43462,2015,7/07/2015,10:07:42,TREVELIN,RECLAMO
43461,2015,7/07/2015,0:40:30,TRELEW,RECLAMO
43459,2015,7/02/2015,23:34:07,CERRO CENTINELA,RECLAMO
43448,2015,6/27/2015,22:32:08,ESQUEL,RECLAMO
43446,2015,6/25/2015,16:00:27,ALTO RIO SENGUER,RECLAMO
43444,2015,6/24/2015,17:51:08,GOBERNADOR COSTA,RECLAMO
43438,2015,6/22/2015,10:30:17,TRELEW,RECLAMO
43435,2015,6/17/2015,18:48:07,PUERTO MADRYN,RECLAMO
43432,2015,6/17/2015,1:36:04,COSTA DEL LEPA,RECLAMO
43431,2015,6/16/2015,13:20:59,RAWSON,RECLAMO
43430,2015,6/15/2015,12:15:28,TRELEW,RECLAMO
43425,2015,6/10/2015,13:10:36,TRELEW,RECLAMO
43422,2015,6/08/2015,18:32:39,CHOLILA,RECLAMO
43412,2015,6/03/2015,16:46:16,COMODORO RIVADAVIA,RECLAMO
43408,2015,6/03/2015,9:05:48,TECKA,RECLAMO
43407,2015,6/02/2015,13:36:05,COMODORO RIVADAVIA,RECLAMO
43400,2015,5/29/2015,15:05:58,TRELEW,RECLAMO
43395,2015,5/27/2015,12:54:54,TRELEW,RECLAMO
43394,2015,5/27/2015,12:29:29,TRELEW,RECLAMO
43385,2015,5/21/2015,12:15:27,PUERTO MADRYN,RECLAMO
43380,2015,5/20/2015,1:04:13,TRELEW,RECLAMO
43379,2015,5/19/2015,11:25:19,TRELEW,RECLAMO
43376,2015,5/17/2015,15:30:34,LAGO BLANCO,RECLAMO
43375,2015,5/17/2015,12:02:57,RAWSON,RECLAMO
43374,2015,5/16/2015,22:20:10,TRELEW,RECLAMO
43372,2015,5/13/2015,23:40:15,GOBERNADOR COSTA,RECLAMO
43367,2015,5/10/2015,3:42:37,TRELEW,RECLAMO
43362,2015,5/08/2015,10:52:25,TRELEW,RECLAMO
43361,2015,5/07/2015,11:27:54,COMODORO RIVADAVIA,RECLAMO
43360,2015,5/06/2015,16:24:02,RAWSON,RECLAMO
43355,2015,5/03/2015,23:07:07,TRELEW,RECLAMO
43353,2015,4/29/2015,8:50:14,PUERTO MADRYN,RECLAMO
43350,2015,4/27/2015,19:57:17,0,RECLAMO
43344,2015,4/21/2015,13:25:04,TRELEW,RECLAMO
43342,2015,4/20/2015,23:12:39,0,RECLAMO
43341,2015,4/20/2015,23:12:19,TREVELIN,RECLAMO
43330,2015,4/14/2015,12:07:21,COMODORO RIVADAVIA,RECLAMO
43319,2015,4/10/2015,2:04:26,0,RECLAMO
43316,2015,4/08/2015,9:51:30,COMODORO RIVADAVIA,RECLAMO
43313,2015,4/07/2015,13:52:50,COMODORO RIVADAVIA,RECLAMO
43309,2015,4/03/2015,18:47:18,TRELEW,RECLAMO
43300,2015,3/28/2015,20:45:47,0,RECLAMO
43298,2015,3/27/2015,22:16:11,TRELEW,RECLAMO
43295,2015,3/27/2015,9:36:24,COMODORO RIVADAVIA,RECLAMO
43290,2015,3/20/2015,14:52:26,TRELEW,RECLAMO
43288,2015,3/18/2015,13:52:49,0,RECLAMO
43286,2015,3/16/2015,20:06:34,TEHUELCHES,RECLAMO
43285,2015,3/16/2015,14:17:42,RAWSON,RECLAMO
43282,2015,3/15/2015,11:58:51,COMODORO RIVADAVIA,RECLAMO
43271,2015,3/03/2015,22:56:44,COMODORO RIVADAVIA,RECLAMO
43265,2015,2/25/2015,13:47:16,RAWSON,RECLAMO
43262,2015,2/22/2015,23:38:25,TRELEW,RECLAMO
43257,2015,2/11/2015,20:58:21,COMODORO RIVADAVIA,RECLAMO
43252,2015,2/07/2015,2:21:08,ENSENADA,RECLAMO
43247,2015,1/29/2015,11:28:23,PUERTO MADRYN,RECLAMO
43246,2015,1/29/2015,9:57:07,TRELEW,RECLAMO
43245,2015,1/29/2015,8:27:42,TRELEW,RECLAMO
43244,2015,1/27/2015,10:36:46,COMODORO RIVADAVIA,RECLAMO
43243,2015,1/27/2015,0:41:20,TRELEW,RECLAMO
43238,2015,1/23/2015,10:13:24,PUERTO MADRYN,RECLAMO
43235,2015,1/21/2015,14:05:17,EL BOLSON,RECLAMO
43233,2015,1/20/2015,12:58:18,SAN PEDRO DE LA PAZ   CONCEPCI,RECLAMO
43231,2015,1/16/2015,22:57:59,GOBERNADOR COSTA,RECLAMO
43230,2015,1/15/2015,11:14:47,TRELEW,RECLAMO
43228,2015,1/15/2015,8:42:16,EL HOYO,RECLAMO
43223,2015,1/11/2015,14:30:56,COMODORO RIVADAVIA,RECLAMO
43222,2015,1/09/2015,14:24:25,GAIMAN,RECLAMO
43219,2015,1/08/2015,11:06:55,RAWSON,RECLAMO
43213,2015,1/05/2015,15:56:46,PUERTO MADRYN,RECLAMO
43212,2015,1/05/2015,11:37:17,RAWSON,RECLAMO
43210,2015,1/02/2015,12:22:55,RAWSON,RECLAMO
43331,2015,4/14/2015,16:03:17,SARMIENTO,SALUTACION
43673,2015,12/29/2015,17:43:21,PUERTO MADRYN,SOLICITUD
43663,2015,12/23/2015,15:55:22,ESQUEL,SOLICITUD
43660,2015,12/12/2015,14:24:18,SAN FERNANDO,SOLICITUD
43652,2015,11/16/2015,10:29:12,BUENOS AIRES,SOLICITUD
43651,2015,11/13/2015,17:01:16,EL HOYO,SOLICITUD
43642,2015,10/17/2015,18:47:53,LAGO PUELO,SOLICITUD
43639,2015,10/15/2015,15:20:19,0,SOLICITUD
43638,2015,10/15/2015,15:20:07,0,SOLICITUD
43637,2015,10/15/2015,15:19:51,COMODORO RIVADAVIA,SOLICITUD
43636,2015,10/14/2015,21:43:11,COMODORO RIVADAVIA,SOLICITUD
43630,2015,10/06/2015,18:45:52,PUERTO MADRYN,SOLICITUD
43622,2015,10/01/2015,22:57:42,TRELEW,SOLICITUD
43617,2015,9/30/2015,20:37:52,ESQUEL,SOLICITUD
43616,2015,9/30/2015,12:40:31,BUENOS AIRES,SOLICITUD
43614,2015,9/29/2015,19:08:25,DOLAVON,SOLICITUD
43610,2015,9/28/2015,19:33:27,TRELEW,SOLICITUD
43609,2015,9/28/2015,18:07:41,COMODORO RIVADAVIA,SOLICITUD
43608,2015,9/28/2015,17:00:10,ESQUEL,SOLICITUD
43600,2015,9/24/2015,8:57:44,SARMIENTO,SOLICITUD
43598,2015,9/22/2015,18:25:16,ESQUEL,SOLICITUD
43594,2015,9/18/2015,15:53:36,EL HOYO,SOLICITUD
43593,2015,9/18/2015,14:18:53,COMODORO RIVADAVIA,SOLICITUD
43591,2015,9/17/2015,12:18:02,GIAMAN,SOLICITUD
43590,2015,9/17/2015,8:06:35,ESQUEL,SOLICITUD
43589,2015,9/16/2015,23:14:09,ESQUEL,SOLICITUD
43587,2015,9/15/2015,20:05:32,TREVELIN,SOLICITUD
43584,2015,9/13/2015,13:11:35,GAIMAN,SOLICITUD
43583,2015,9/12/2015,2:19:26,ESQUEL,SOLICITUD
43580,2015,9/09/2015,20:00:20,ESQUEL,SOLICITUD
43563,2015,8/30/2015,16:13:56,0,SOLICITUD
43560,2015,8/28/2015,8:06:59,TRELEW,SOLICITUD
43559,2015,8/28/2015,8:06:58,TRELEW,SOLICITUD
43550,2015,8/24/2015,23:25:34,COMODORO RIVADAVIA,SOLICITUD
43547,2015,8/19/2015,23:45:41,CALETA OLIVIA,SOLICITUD
43546,2015,8/18/2015,19:32:52,0,SOLICITUD
43545,2015,8/18/2015,19:32:11,0,SOLICITUD
43544,2015,8/18/2015,19:31:09,0,SOLICITUD
43542,2015,8/18/2015,15:45:46,GAIMAN,SOLICITUD
43541,2015,8/18/2015,14:10:21,TRELEW,SOLICITUD
43540,2015,8/17/2015,19:22:50,0,SOLICITUD
43539,2015,8/17/2015,18:44:42,CAMARONES,SOLICITUD
43536,2015,8/15/2015,13:50:11,0,SOLICITUD
43535,2015,8/15/2015,13:40:00,TRELEW,SOLICITUD
43533,2015,8/14/2015,17:35:10,PUERTO MADRYN,SOLICITUD
43532,2015,8/14/2015,16:30:02,TRELEW,SOLICITUD
43520,2015,8/04/2015,7:38:48,SARMIENTO,SOLICITUD
43518,2015,8/04/2015,0:11:43,TREVELIN,SOLICITUD
43515,2015,8/02/2015,22:23:18,PUERTO MADRYN,SOLICITUD
43511,2015,7/30/2015,13:11:48,0,SOLICITUD
43510,2015,7/30/2015,13:11:14,RADA TILLY,SOLICITUD
43507,2015,7/29/2015,13:17:44,TRELEW,SOLICITUD
43505,2015,7/28/2015,15:31:51,COMODORO RIVADAVIA,SOLICITUD
43499,2015,7/25/2015,15:07:44,TRELEW,SOLICITUD
43491,2015,7/21/2015,21:13:56,RAWSON,SOLICITUD
43490,2015,7/20/2015,13:06:39,GAIMAN,SOLICITUD
43489,2015,7/19/2015,21:12:24,PUERTO MADRYN,SOLICITUD
43481,2015,7/17/2015,15:50:44,RAWSON,SOLICITUD
43479,2015,7/16/2015,19:18:52,TRELEW,SOLICITUD
43476,2015,7/13/2015,10:46:13,LAGO PUELO,SOLICITUD
43474,2015,7/12/2015,0:30:32,ESQUEL,SOLICITUD
43472,2015,7/11/2015,17:47:33,PUERTO MADRYN,SOLICITUD
43469,2015,7/08/2015,20:11:51,PASO DE INDIOS,SOLICITUD
43468,2015,7/08/2015,20:04:06,PASO DE INDIOS,SOLICITUD
43467,2015,7/08/2015,1:47:34,TRELEW,SOLICITUD
43465,2015,7/07/2015,14:52:28,TRELEW,SOLICITUD
43458,2015,7/02/2015,16:02:49,TRELEW,SOLICITUD
43457,2015,7/02/2015,3:58:53,CAMARONES,SOLICITUD
43450,2015,6/29/2015,10:34:01,TRELEW,SOLICITUD
43443,2015,6/24/2015,10:40:44,TRELEW,SOLICITUD
43442,2015,6/23/2015,16:32:15,PUERTO MADRYN,SOLICITUD
43441,2015,6/23/2015,16:09:55,TRELEW,SOLICITUD
43439,2015,6/22/2015,18:54:01,TRELEW,SOLICITUD
43434,2015,6/17/2015,10:01:37,TRELEW,SOLICITUD
43429,2015,6/13/2015,22:45:56,ESQUEL,SOLICITUD
43428,2015,6/13/2015,22:44:34,ESQUEL,SOLICITUD
43426,2015,6/11/2015,0:03:00,0,SOLICITUD
43424,2015,6/10/2015,11:14:55,RAWSON,SOLICITUD
43420,2015,6/05/2015,15:38:21,0,SOLICITUD
43419,2015,6/05/2015,15:37:15,0,SOLICITUD
43418,2015,6/05/2015,12:02:56,PUERTO MADRYN,SOLICITUD
43415,2015,6/04/2015,11:23:06,TRELEW,SOLICITUD
43414,2015,6/04/2015,11:22:52,TRELEW,SOLICITUD
43406,2015,6/02/2015,10:46:34,TRELEW,SOLICITUD
43403,2015,6/01/2015,10:55:59,TRELEW,SOLICITUD
43402,2015,5/30/2015,15:25:35,TRELEW,SOLICITUD
43401,2015,5/30/2015,15:10:31,CORCOVADO,SOLICITUD
43398,2015,5/28/2015,23:33:39,0,SOLICITUD
43396,2015,5/27/2015,13:09:52,TRELEW,SOLICITUD
43392,2015,5/26/2015,10:56:31,PLAYA UNION,SOLICITUD
43390,2015,5/25/2015,16:02:19,COMODORO RIVADAVIA,SOLICITUD
43389,2015,5/24/2015,20:25:24,EL HOYO,SOLICITUD
43388,2015,5/24/2015,18:20:37,SARMIENTO,SOLICITUD
43386,2015,5/22/2015,13:18:39,COMODORO RIVADAVIA,SOLICITUD
43384,2015,5/20/2015,21:11:39,TRELEW,SOLICITUD
43383,2015,5/20/2015,13:53:37,ESQUEL,SOLICITUD
43382,2015,5/20/2015,11:43:34,COMODORO RIVADAVIA,SOLICITUD
43381,2015,5/20/2015,10:56:42,TRELEW,SOLICITUD
43377,2015,5/18/2015,11:04:19,RAWSON,SOLICITUD
43371,2015,5/13/2015,20:06:29,COMODORO RIVADAVIA,SOLICITUD
43370,2015,5/12/2015,20:51:05,TRELEW,SOLICITUD
43369,2015,5/12/2015,15:33:01,TREVELIN,SOLICITUD
43368,2015,5/12/2015,13:22:44,PUERTO PIRAMIDES,SOLICITUD
43359,2015,5/06/2015,15:06:00,SARMIENTO,SOLICITUD
43358,2015,5/06/2015,11:58:44,COMODORO RIVADAVIA,SOLICITUD
43349,2015,4/25/2015,11:16:09,TRELEW,SOLICITUD
43346,2015,4/22/2015,22:14:06,COMODORO RIVADAVIA,SOLICITUD
43340,2015,4/20/2015,23:07:35,TRELEW,SOLICITUD
43339,2015,4/20/2015,20:59:08,PUERTO MADRYN,SOLICITUD
43335,2015,4/15/2015,16:12:13,TRELEW,SOLICITUD
43334,2015,4/15/2015,16:12:13,TRELEW,SOLICITUD
43333,2015,4/15/2015,14:40:35,BUENOS AIRES,SOLICITUD
43315,2015,4/07/2015,22:49:10,ESQUEL,SOLICITUD
43314,2015,4/07/2015,14:30:00,TREVELIN,SOLICITUD
43311,2015,4/04/2015,11:25:41,LAGO PUELO,SOLICITUD
43307,2015,4/01/2015,10:40:23,PUERTO MADRYN,SOLICITUD
43306,2015,3/31/2015,14:17:39,CHOLILA,SOLICITUD
43304,2015,3/30/2015,14:40:29,TRELEW,SOLICITUD
43303,2015,3/30/2015,12:25:05,PUERTO MADRYN,SOLICITUD
43301,2015,3/29/2015,2:58:29,GAIMAN,SOLICITUD
43297,2015,3/27/2015,22:00:45,RIO CEBALLOS  -  CORDOBA,SOLICITUD
43296,2015,3/27/2015,10:44:10,PUERTO MADRYN,SOLICITUD
43293,2015,3/25/2015,21:27:15,TRELEW,SOLICITUD
43291,2015,3/21/2015,11:25:37,PUERTO MADRYN,SOLICITUD
43283,2015,3/15/2015,23:18:13,TREVELIN,SOLICITUD
43280,2015,3/12/2015,20:24:41,PUERTO MADRYN,SOLICITUD
43277,2015,3/10/2015,16:41:02,SARMIENTO,SOLICITUD
43275,2015,3/06/2015,12:48:13,RAWSON,SOLICITUD
43269,2015,3/03/2015,9:09:15,TRELEW,SOLICITUD
43260,2015,2/18/2015,10:18:23,TRELEW,SOLICITUD
43259,2015,2/17/2015,9:39:43,BUENOS AIRES,SOLICITUD
43250,2015,2/04/2015,19:52:23,RAWSON,SOLICITUD
43249,2015,2/03/2015,12:11:38,0,SOLICITUD
43240,2015,1/25/2015,21:29:34,COMODORO RIVADAVIA,SOLICITUD
43234,2015,1/20/2015,22:51:22,CORRIENTES,SOLICITUD
43225,2015,1/13/2015,10:33:33,TRELEW,SOLICITUD
43221,2015,1/09/2015,11:46:32,RAWSON,SOLICITUD
43215,2015,1/07/2015,1:12:58,TRELEW,SOLICITUD
43214,2015,1/06/2015,0:23:24,PUERTO MADRYN,SOLICITUD
43668,2015,12/27/2015,11:33:23,0,SUGERENCIA
43667,2015,12/27/2015,11:33:02,ESQUEL,SUGERENCIA
43664,2015,12/23/2015,16:31:23,MAR DEL PLATA,SUGERENCIA
43522,2015,8/07/2015,18:51:09,TRELEW,SUGERENCIA
43496,2015,7/23/2015,21:36:05,0,SUGERENCIA
43447,2015,6/27/2015,5:44:39,RAWSON,SUGERENCIA
43410,2015,6/03/2015,11:29:15,TRELEW,SUGERENCIA
43409,2015,6/03/2015,11:28:30,TRELEW,SUGERENCIA
43357,2015,5/04/2015,18:21:36,COMODORO RIVADAVIA,SUGERENCIA
43328,2015,4/13/2015,15:23:33,TRELEW,SUGERENCIA
43299,2015,3/28/2015,19:40:35,MENDOZA,SUGERENCIA
43287,2015,3/18/2015,13:46:48,0,SUGERENCIA
43256,2015,2/10/2015,13:39:28,RAWSON,SUGERENCIA
43239,2015,1/24/2015,14:02:26,TRELEW,SUGERENCIA
43671,2015,12/29/2015,12:02:44,ESQUEL,OTRO
43631,2015,10/07/2015,12:32:58,TRELEW,OTRO
43628,2015,10/06/2015,15:19:40,BUENOS AIRES,OTRO
43627,2015,10/06/2015,15:16:57,BUENOS AIRES,OTRO
43624,2015,10/04/2015,19:51:06,ESQUEL,OTRO
43579,2015,9/08/2015,16:16:48,LAGO PUELO,OTRO
43538,2015,8/16/2015,14:13:30,TREVELIN,OTRO
43528,2015,8/11/2015,20:23:00,TRELEW,OTRO
43527,2015,8/11/2015,20:10:49,TRELEW,OTRO
43524,2015,8/10/2015,19:02:29,COMODORO RIVADAVIA,OTRO
43521,2015,8/04/2015,21:08:21,TRELEW,OTRO
43516,2015,8/03/2015,14:50:31,RAWSON,OTRO
43503,2015,7/27/2015,14:57:20,0,OTRO
43502,2015,7/27/2015,14:54:56,RAWSON,OTRO
43501,2015,7/27/2015,12:31:54,PUERTO MADRYN,OTRO
43484,2015,7/17/2015,20:58:40,PUERTO MADRYN,OTRO
43455,2015,7/01/2015,20:56:17,RAWSON,OTRO
43454,2015,7/01/2015,10:48:32,COMODORO RIVADAVIA,OTRO
43452,2015,6/30/2015,11:58:39,ESQUEL,OTRO
43451,2015,6/30/2015,11:57:55,TREVELIN,OTRO
43449,2015,6/29/2015,3:47:53,PASO DE INDIOS,OTRO
43436,2015,6/18/2015,20:09:55,PUERTO MADRYN,OTRO
43427,2015,6/12/2015,19:14:13,TRELEW,OTRO
43411,2015,6/03/2015,14:26:23,COMODORO RIVADAVIA,OTRO
43397,2015,5/28/2015,9:46:25,TRELEW,OTRO
43393,2015,5/26/2015,18:31:32,TRELEW,OTRO
43378,2015,5/18/2015,19:46:49,0,OTRO
43338,2015,4/17/2015,15:47:20,TRELEW,OTRO
43327,2015,4/13/2015,15:19:34,TRELEW,OTRO
43326,2015,4/13/2015,15:14:42,TRELEW,OTRO
43325,2015,4/13/2015,14:45:13,TRELEW,OTRO
43324,2015,4/13/2015,14:39:56,TRELEW,OTRO
43323,2015,4/13/2015,13:23:45,TRELEW,OTRO
43322,2015,4/12/2015,11:17:52,GAIMAN,OTRO
43317,2015,4/08/2015,10:00:51,EL HOYO,OTRO
43310,2015,4/03/2015,22:04:55,GUAYMALLEN MENDOZA,OTRO
43289,2015,3/19/2015,12:14:32,RAWSON,OTRO
43279,2015,3/12/2015,17:17:34,TRELEW,OTRO
43236,2015,1/21/2015,18:36:49,0,OTRO
43227,2015,1/15/2015,8:26:35,PUERTO MADRYN,OTRO
43226,2015,1/15/2015,8:26:35,PUERTO MADRYN,OTRO
43217,2015,1/08/2015,10:30:24,PUERTO MADRYN,OTRO
43216,2015,1/07/2015,9:10:18,RAWSON,OTRO
43211,2015,1/03/2015,16:19:41,ESQUEL,OTRO
44032,2016,11/12/2016,19:43:36,ESQUEL,AGRADECIMIENTO
44031,2016,11/11/2016,13:27:53,TRELEW,AGRADECIMIENTO
44024,2016,11/04/2016,0:05:42,GAN GAN,AGRADECIMIENTO
44008,2016,10/26/2016,20:19:56,ESQUEL,AGRADECIMIENTO
43951,2016,8/31/2016,21:11:35,COMODORO RIVADAVIA,AGRADECIMIENTO
43906,2016,8/22/2016,11:21:42,0,AGRADECIMIENTO
43905,2016,8/22/2016,11:21:08,COMODORO RIVADAVIA,AGRADECIMIENTO
43829,2016,6/03/2016,14:16:48,TREVELIN,AGRADECIMIENTO
43828,2016,6/03/2016,14:16:48,TREVELIN,AGRADECIMIENTO
43778,2016,4/29/2016,8:20:00,TRELEW,AGRADECIMIENTO
43689,2016,1/07/2016,23:49:10,COMODORO RIVADAVIA,AGRADECIMIENTO
44012,2016,10/28/2016,19:31:34,ESQUEL,COMENTARIO
43978,2016,10/05/2016,22:25:03,SAENZ PEÑA,COMENTARIO
43972,2016,9/30/2016,12:21:25,TRELEW,COMENTARIO
43954,2016,9/03/2016,10:57:22,TRELEW,COMENTARIO
43953,2016,9/03/2016,10:57:21,TRELEW,COMENTARIO
43816,2016,5/26/2016,22:40:53,RAWSON,COMENTARIO
43730,2016,2/10/2016,23:06:21,ESQUEL,COMENTARIO
43724,2016,2/05/2016,12:48:53,PUERTO MADRYN,COMENTARIO
43684,2016,1/06/2016,14:16:26,COMODORO RIVADAVIA,COMENTARIO
44025,2016,11/07/2016,9:21:59,RAWSON,CONSULTA
44023,2016,11/02/2016,16:07:00,EL BOLSON,CONSULTA
44021,2016,11/01/2016,23:54:06,EL HOYO,CONSULTA
44020,2016,11/01/2016,23:54:05,EL HOYO,CONSULTA
44019,2016,11/01/2016,21:31:04,ESQUEL,CONSULTA
44015,2016,11/01/2016,9:03:29,DOLAVON,CONSULTA
44004,2016,10/25/2016,10:35:24,EL HOYO,CONSULTA
44002,2016,10/21/2016,9:37:55,0,CONSULTA
44001,2016,10/21/2016,9:37:25,COMODORO RIVADAVIA,CONSULTA
43998,2016,10/18/2016,15:53:13,ESQUEL,CONSULTA
43987,2016,10/11/2016,11:48:20,ESQUEL,CONSULTA
43986,2016,10/11/2016,10:30:33,BUENOS AIRES,CONSULTA
43984,2016,10/10/2016,18:52:50,ESQUEL,CONSULTA
43983,2016,10/09/2016,15:03:10,CORDOBA,CONSULTA
43965,2016,9/26/2016,11:07:08,COMODORO RIVADAVIA,CONSULTA
43961,2016,9/12/2016,20:11:07,0,CONSULTA
43957,2016,9/05/2016,12:06:46,RAWSON,CONSULTA
43952,2016,9/01/2016,6:34:45,COMODORO RIVADAVIA,CONSULTA
43949,2016,8/31/2016,8:03:00,TRELEW,CONSULTA
43948,2016,8/29/2016,22:01:03,PUERTO MADRYN,CONSULTA
43947,2016,8/29/2016,19:48:52,TRELEW,CONSULTA
43943,2016,8/27/2016,23:38:20,TRELEW,CONSULTA
43942,2016,8/27/2016,20:03:01,0,CONSULTA
43941,2016,8/27/2016,20:02:19,TRELEW,CONSULTA
43930,2016,8/22/2016,19:01:37,TRELEW,CONSULTA
43916,2016,8/22/2016,14:07:32,PUERTO MADRYN,CONSULTA
43914,2016,8/22/2016,12:55:49,RAWSON,CONSULTA
43913,2016,8/22/2016,12:40:38,EPUYEN,CONSULTA
43904,2016,8/22/2016,11:03:15,0,CONSULTA
43903,2016,8/22/2016,11:02:42,COMODORO RIVADAVIA,CONSULTA
43901,2016,8/22/2016,10:39:07,COMODORO RIVADAVIA,CONSULTA
43894,2016,8/17/2016,15:38:31,0,CONSULTA
43886,2016,8/01/2016,9:48:37,PUERTO MADRYN,CONSULTA
43885,2016,7/27/2016,2:47:46,PUERTO MADRYN,CONSULTA
43882,2016,7/25/2016,11:33:44,0,CONSULTA
43878,2016,7/21/2016,10:25:19,LAGO BLANCO,CONSULTA
43876,2016,7/19/2016,17:46:44,RAWSON,CONSULTA
43874,2016,7/18/2016,9:30:22,BUENOS AIRES,CONSULTA
43870,2016,7/12/2016,15:00:04,LA GRANJA - CORDOBA,CONSULTA
43866,2016,7/06/2016,13:19:34,RAWSON,CONSULTA
43862,2016,7/04/2016,12:43:04,CHOLILA,CONSULTA
43849,2016,6/15/2016,22:08:37,0,CONSULTA
43848,2016,6/15/2016,21:09:19,PUERTO MADRYN,CONSULTA
43839,2016,6/07/2016,11:49:33,TRELEW,CONSULTA
43830,2016,6/03/2016,21:12:02,COMODORO RIVADAVIA,CONSULTA
43825,2016,6/02/2016,11:08:44,COMODORO RIVADAVIA,CONSULTA
43819,2016,5/31/2016,12:07:55,RADA TILLY,CONSULTA
43809,2016,5/19/2016,23:53:32,SAN MIGUEL. BS AS,CONSULTA
43808,2016,5/19/2016,11:27:20,EPUYEN,CONSULTA
43801,2016,5/12/2016,13:03:13,EL MAITEN,CONSULTA
43798,2016,5/10/2016,18:19:35,RIO PICO,CONSULTA
43797,2016,5/10/2016,18:16:15,RIO PICO,CONSULTA
43791,2016,5/08/2016,14:35:10,CORRIENTES,CONSULTA
43784,2016,5/06/2016,9:27:38,PUERTO MADRYN,CONSULTA
43783,2016,5/05/2016,22:00:07,0,CONSULTA
43779,2016,5/01/2016,11:04:17,PUERTO MADRYN,CONSULTA
43777,2016,4/28/2016,11:21:32,LAGUNITA SALADA,CONSULTA
43776,2016,4/28/2016,11:19:48,LAGUNITA SALADA,CONSULTA
43769,2016,4/18/2016,10:30:56,0,CONSULTA
43768,2016,4/16/2016,23:25:07,0,CONSULTA
43761,2016,3/28/2016,19:25:51,SARMIENTO,CONSULTA
43756,2016,3/22/2016,0:55:29,BUENOS AIRES,CONSULTA
43750,2016,3/02/2016,9:35:46,ESQUEL,CONSULTA
43749,2016,3/01/2016,14:04:12,0,CONSULTA
43745,2016,2/20/2016,14:35:40,CORDOBA,CONSULTA
43739,2016,2/16/2016,21:08:31,JUNIN DE LOS ANDES,CONSULTA
43728,2016,2/10/2016,13:08:49,SARMIENTO,CONSULTA
43721,2016,2/02/2016,10:01:15,BUENOS AIRES,CONSULTA
43715,2016,2/01/2016,9:59:26,COMODORO RIVADAVIA,CONSULTA
43711,2016,1/26/2016,16:00:59,TRELEW,CONSULTA
43709,2016,1/26/2016,10:53:17,EL HOYO,CONSULTA
43708,2016,1/25/2016,20:18:37,PASO DE INDIOS,CONSULTA
43705,2016,1/25/2016,11:03:17,RAWSON,CONSULTA
43700,2016,1/18/2016,12:45:58,COMODORO RIVADAVIA,CONSULTA
43696,2016,1/14/2016,21:57:04,COMODORO RIVADAVIA,CONSULTA
43695,2016,1/14/2016,14:51:07,BUENOS AIRES,CONSULTA
43693,2016,1/14/2016,2:14:00,ESQUEL,CONSULTA
43685,2016,1/06/2016,15:10:57,0,CONSULTA
43678,2016,1/04/2016,16:24:53,ESQUEL,CONSULTA
43677,2016,1/04/2016,15:19:08,VICENTE LOPEZ,CONSULTA
43676,2016,1/04/2016,10:50:14,BAHIA BLANCA,CONSULTA
44030,2016,11/09/2016,17:08:39,RIO PICO,RECLAMO
44027,2016,11/07/2016,21:13:42,SARMIENTO,RECLAMO
44026,2016,11/07/2016,11:49:09,RAWSON,RECLAMO
44022,2016,11/02/2016,10:04:00,TRELEW,RECLAMO
44018,2016,11/01/2016,17:36:50,COMODORO RIVADAVIA,RECLAMO
44017,2016,11/01/2016,16:19:40,COMODORO RIVADAVIA,RECLAMO
44013,2016,10/31/2016,12:15:36,PUERTO MADRYN,RECLAMO
44006,2016,10/25/2016,13:59:50,BUENOS AIRES,RECLAMO
44000,2016,10/20/2016,13:41:25,PLAYA UNION,RECLAMO
43992,2016,10/14/2016,11:31:21,RAWSON,RECLAMO
43990,2016,10/12/2016,13:07:02,ESQUEL,RECLAMO
43989,2016,10/12/2016,0:12:46,GAN GAN,RECLAMO
43981,2016,10/07/2016,9:25:10,SARMIENTO,RECLAMO
43979,2016,10/06/2016,12:17:10,TRELEW,RECLAMO
43977,2016,10/05/2016,9:52:39,GUALJAINA,RECLAMO
43976,2016,10/03/2016,8:42:46,0,RECLAMO
43975,2016,10/03/2016,8:42:29,0,RECLAMO
43974,2016,10/03/2016,8:41:29,COMODORO RIVADAVIA,RECLAMO
43967,2016,9/28/2016,12:20:07,TRELEW,RECLAMO
43966,2016,9/27/2016,20:40:57,GAN GAN,RECLAMO
43950,2016,8/31/2016,10:31:51,ESQUEL,RECLAMO
43946,2016,8/29/2016,14:12:07,TRELEW,RECLAMO
43944,2016,8/28/2016,23:58:45,TRELEW,RECLAMO
43940,2016,8/27/2016,19:00:58,TRELEW,RECLAMO
43938,2016,8/25/2016,18:30:59,COMODORO RIVADAVIA,RECLAMO
43937,2016,8/25/2016,13:23:53,TREVELIN,RECLAMO
43934,2016,8/22/2016,19:42:01,0,RECLAMO
43933,2016,8/22/2016,19:41:23,0,RECLAMO
43929,2016,8/22/2016,18:24:40,DOLAVON,RECLAMO
43926,2016,8/22/2016,17:19:51,PUERTO MADRYN,RECLAMO
43923,2016,8/22/2016,16:00:07,TRELEW,RECLAMO
43911,2016,8/22/2016,12:12:45,ESQUEL,RECLAMO
43907,2016,8/22/2016,11:43:57,GUALJAINA,RECLAMO
43881,2016,7/24/2016,20:05:58,TRELEW,RECLAMO
43877,2016,7/20/2016,17:53:19,TRELEW,RECLAMO
43871,2016,7/15/2016,11:31:43,TRELEW,RECLAMO
43867,2016,7/07/2016,14:24:26,0,RECLAMO
43863,2016,7/05/2016,13:30:29,0,RECLAMO
43860,2016,6/30/2016,23:51:21,COMODORO RIVADAVIA,RECLAMO
43858,2016,6/29/2016,12:52:45,0,RECLAMO
43857,2016,6/29/2016,12:51:18,RAWSON,RECLAMO
43853,2016,6/23/2016,15:09:41,TRELEW,RECLAMO
43852,2016,6/19/2016,16:37:12,0,RECLAMO
43847,2016,6/15/2016,19:26:06,PUERTO MADRYN,RECLAMO
43846,2016,6/15/2016,19:25:19,PUERTO MADRYN,RECLAMO
43845,2016,6/15/2016,19:20:59,PUERTO MADRYN,RECLAMO
43844,2016,6/15/2016,16:38:57,0,RECLAMO
43842,2016,6/13/2016,11:27:02,RAWSON,RECLAMO
43837,2016,6/07/2016,8:30:18,PUERTO MADRYN,RECLAMO
43835,2016,6/06/2016,14:20:35,TRELEW,RECLAMO
43834,2016,6/06/2016,12:47:43,RIO PICO,RECLAMO
43833,2016,6/06/2016,11:44:13,COMODORO RIVADAVIA,RECLAMO
43831,2016,6/04/2016,16:28:17,COMODORO RIVADAVIA,RECLAMO
43826,2016,6/02/2016,16:06:23,0,RECLAMO
43823,2016,6/02/2016,0:22:55,0,RECLAMO
43821,2016,6/01/2016,16:57:16,TREVELIN,RECLAMO
43820,2016,6/01/2016,10:55:32,0,RECLAMO
43818,2016,5/30/2016,19:13:53,TRELEW,RECLAMO
43803,2016,5/12/2016,13:25:18,RAWSON,RECLAMO
43802,2016,5/12/2016,13:22:30,RAWSON,RECLAMO
43795,2016,5/10/2016,13:38:12,TRELEW,RECLAMO
43794,2016,5/10/2016,11:58:14,PUERTO MADRYN,RECLAMO
43792,2016,5/09/2016,10:00:03,TRELEW,RECLAMO
43789,2016,5/07/2016,18:30:33,COMODORO RIVADAVIA,RECLAMO
43787,2016,5/07/2016,0:54:14,PUERTO MADRYN,RECLAMO
43780,2016,5/03/2016,11:14:48,RAWSON,RECLAMO
43772,2016,4/25/2016,10:03:41,COMODORO RIVADAVIA,RECLAMO
43760,2016,3/25/2016,23:49:54,COMODORO RIVADAVIA,RECLAMO
43759,2016,3/25/2016,20:18:43,0,RECLAMO
43752,2016,3/11/2016,12:17:23,ESQUEL,RECLAMO
43747,2016,2/25/2016,14:53:18,0,RECLAMO
43742,2016,2/18/2016,12:57:46,TRELEW,RECLAMO
43741,2016,2/18/2016,10:56:05,GUALJAINA,RECLAMO
43737,2016,2/16/2016,14:17:48,0,RECLAMO
43734,2016,2/13/2016,14:45:07,COMODORO RIVADAVIA,RECLAMO
43732,2016,2/12/2016,8:02:13,COMODORO RIVADAVIA,RECLAMO
43726,2016,2/09/2016,17:34:23,RAWSON,RECLAMO
43723,2016,2/04/2016,10:10:44,COMODORO RIVADAVIA,RECLAMO
43718,2016,2/01/2016,12:05:26,TRELEW,RECLAMO
43713,2016,1/31/2016,12:31:24,RADA TILLY,RECLAMO
43702,2016,1/19/2016,16:23:33,TRELEW,RECLAMO
43688,2016,1/07/2016,15:41:47,TECKA,RECLAMO
43687,2016,1/07/2016,1:00:35,CAMARONES,RECLAMO
43682,2016,1/05/2016,16:11:33,COMODORO RIVADAVIA,RECLAMO
43675,2016,1/03/2016,13:52:05,COMODORO RIVADAVIA,RECLAMO
44033,2016,11/14/2016,20:52:17,ESQUEL,SALUTACION
44003,2016,10/23/2016,16:45:10,ESQUEL,SALUTACION
43995,2016,10/15/2016,20:21:35,ESQUEL,SALUTACION
43968,2016,9/29/2016,10:02:08,ESQUEL,SALUTACION
43935,2016,8/23/2016,0:22:36,RAWSON,SALUTACION
43912,2016,8/22/2016,12:38:43,TRELEW,SALUTACION
43899,2016,8/17/2016,21:37:32,ESQUEL,SALUTACION
43898,2016,8/17/2016,16:13:13,TRELEW,SALUTACION
43897,2016,8/17/2016,16:12:26,TRELEW,SALUTACION
43896,2016,8/17/2016,16:11:56,TRELEW,SALUTACION
43895,2016,8/17/2016,16:11:24,TRELEW,SALUTACION
43893,2016,8/13/2016,13:08:23,RAWSON,SALUTACION
43892,2016,8/11/2016,18:57:10,0,SALUTACION
43891,2016,8/11/2016,18:56:42,TRELEW,SALUTACION
43813,2016,5/24/2016,14:09:45,LA MATANZA,SALUTACION
43800,2016,5/11/2016,19:35:09,SANTIAGO DEL ESTERO,SALUTACION
43774,2016,4/27/2016,13:03:23,TRELEW,SALUTACION
43722,2016,2/03/2016,9:32:45,PLAYA UNION,SALUTACION
43698,2016,1/15/2016,12:22:43,SARMIENTO,SALUTACION
44029,2016,11/08/2016,1:12:12,PUERTO MADRYN,SOLICITUD
44016,2016,11/01/2016,15:19:00,TRELEW,SOLICITUD
44014,2016,10/31/2016,20:42:26,ESQUEL,SOLICITUD
44011,2016,10/28/2016,8:17:02,LAGO PUELO,SOLICITUD
44007,2016,10/25/2016,18:56:47,ESQUEL,SOLICITUD
44005,2016,10/25/2016,12:12:53,TRELEW,SOLICITUD
43999,2016,10/20/2016,13:20:27,COMODORO RIVADAVIA,SOLICITUD
43997,2016,10/17/2016,9:18:39,0,SOLICITUD
43994,2016,10/15/2016,20:03:39,TRELEW,SOLICITUD
43993,2016,10/14/2016,15:31:24,GAN GAN,SOLICITUD
43988,2016,10/11/2016,20:58:02,RAWSON,SOLICITUD
43985,2016,10/10/2016,20:59:51,ESQUEL,SOLICITUD
43982,2016,10/07/2016,10:48:02,TRELEW,SOLICITUD
43980,2016,10/06/2016,14:27:02,PUERTO MADRYN,SOLICITUD
43973,2016,9/30/2016,18:44:23,EL MAITEN,SOLICITUD
43970,2016,9/29/2016,13:14:48,GAN GAN,SOLICITUD
43969,2016,9/29/2016,10:30:17,GAN GAN,SOLICITUD
43964,2016,9/22/2016,10:58:19,PUERTO MADRYN,SOLICITUD
43962,2016,9/14/2016,10:00:12,TRELEW,SOLICITUD
43956,2016,9/05/2016,11:36:14,RAWSON,SOLICITUD
43945,2016,8/29/2016,12:04:50,ESQUEL,SOLICITUD
43939,2016,8/26/2016,18:00:29,ESQUEL,SOLICITUD
43932,2016,8/22/2016,19:26:54,0,SOLICITUD
43931,2016,8/22/2016,19:26:19,COMODORO RIVADAVIA,SOLICITUD
43928,2016,8/22/2016,17:40:58,RAWSON,SOLICITUD
43925,2016,8/22/2016,17:09:11,0,SOLICITUD
43924,2016,8/22/2016,17:08:42,TRELEW,SOLICITUD
43918,2016,8/22/2016,15:27:38,TRELEW,SOLICITUD
43917,2016,8/22/2016,15:15:21,TRELEW,SOLICITUD
43915,2016,8/22/2016,13:37:20,ESQUEL,SOLICITUD
43902,2016,8/22/2016,10:40:25,PUERTO MADRYN,SOLICITUD
43900,2016,8/20/2016,19:16:25,CAMARONES,SOLICITUD
43890,2016,8/10/2016,19:46:53,TRELEW,SOLICITUD
43889,2016,8/10/2016,12:37:07,GUALJAINA,SOLICITUD
43887,2016,8/08/2016,9:57:52,TRELEW,SOLICITUD
43884,2016,7/26/2016,15:36:54,GAIMAN,SOLICITUD
43883,2016,7/26/2016,10:34:07,COMODORO RIVADAVIA,SOLICITUD
43879,2016,7/21/2016,12:53:27,ISIDRO CASANOVA,SOLICITUD
43875,2016,7/18/2016,16:06:03,PUERTO MADRYN,SOLICITUD
43873,2016,7/17/2016,18:56:07,0,SOLICITUD
43869,2016,7/12/2016,13:04:29,ESQUEL,SOLICITUD
43868,2016,7/11/2016,20:03:51,SARMIENTO,SOLICITUD
43865,2016,7/06/2016,12:15:01,ESQUEL,SOLICITUD
43859,2016,6/29/2016,12:56:11,ESQUEL,SOLICITUD
43856,2016,6/29/2016,9:11:30,COMODORO RIVADAVIA,SOLICITUD
43854,2016,6/24/2016,12:55:48,PUERTO MADRYN,SOLICITUD
43851,2016,6/17/2016,20:46:57,TRELEW,SOLICITUD
43850,2016,6/16/2016,11:04:16,GAN GAN,SOLICITUD
43838,2016,6/07/2016,11:13:15,PUERTO MADRYN,SOLICITUD
43836,2016,6/06/2016,20:20:45,TRELEW,SOLICITUD
43827,2016,6/03/2016,7:08:43,SARMIENTO,SOLICITUD
43822,2016,6/01/2016,18:57:42,RADA TILLY,SOLICITUD
43817,2016,5/27/2016,2:25:18,GOBERNADOR COSTA,SOLICITUD
43815,2016,5/26/2016,13:36:05,COMODORO RIVADAVIA,SOLICITUD
43812,2016,5/23/2016,7:59:18,COMODORO RIVADAVIA,SOLICITUD
43811,2016,5/21/2016,19:26:51,ESQUEL,SOLICITUD
43810,2016,5/20/2016,11:48:51,LOS CIPRESES,SOLICITUD
43806,2016,5/17/2016,15:44:04,EL HOYO,SOLICITUD
43805,2016,5/17/2016,15:26:27,EL HOYO,SOLICITUD
43804,2016,5/14/2016,16:28:11,PUERTO MADRYN,SOLICITUD
43799,2016,5/11/2016,14:47:42,CHACAY OESTE,SOLICITUD
43796,2016,5/10/2016,17:23:36,ESQUEL,SOLICITUD
43790,2016,5/07/2016,21:10:23,TREVELIN,SOLICITUD
43788,2016,5/07/2016,1:55:52,PUERTO MADRYN,SOLICITUD
43786,2016,5/06/2016,9:39:13,0,SOLICITUD
43785,2016,5/06/2016,9:38:15,ESQUEL,SOLICITUD
43782,2016,5/05/2016,20:50:16,LAGO PUELO,SOLICITUD
43781,2016,5/05/2016,16:39:42,TRELEW,SOLICITUD
43775,2016,4/27/2016,14:42:41,ESQUEL,SOLICITUD
43773,2016,4/27/2016,10:02:42,ESQUEL,SOLICITUD
43770,2016,4/18/2016,11:06:44,RAWSON,SOLICITUD
43767,2016,4/11/2016,0:58:44,COMODORO RIVADAVIA,SOLICITUD
43764,2016,4/04/2016,15:57:42,COMODORO RIVADAVIA,SOLICITUD
43763,2016,4/04/2016,15:01:37,0,SOLICITUD
43762,2016,4/01/2016,9:52:22,TRELEW,SOLICITUD
43758,2016,3/22/2016,16:42:19,COMODORO RIVADAVIA,SOLICITUD
43757,2016,3/22/2016,16:40:13,COMODORO RIVADAVIA,SOLICITUD
43755,2016,3/21/2016,13:27:25,0,SOLICITUD
43754,2016,3/21/2016,13:26:24,TRELEW,SOLICITUD
43753,2016,3/18/2016,10:53:36,0,SOLICITUD
43751,2016,3/02/2016,18:36:03,EPUYEN,SOLICITUD
43746,2016,2/21/2016,16:51:01,GASTRE,SOLICITUD
43744,2016,2/19/2016,11:31:17,COMODORO RIVADAVIA,SOLICITUD
43743,2016,2/19/2016,11:27:43,COMODORO RIVADAVIA,SOLICITUD
43740,2016,2/17/2016,17:28:45,PUERTO MADRYN,SOLICITUD
43738,2016,2/16/2016,19:05:13,PUERTO MADRYN,SOLICITUD
43736,2016,2/15/2016,21:19:47,RAWSON,SOLICITUD
43735,2016,2/15/2016,18:28:16,LAGO PUELO,SOLICITUD
43733,2016,2/12/2016,11:45:25,TRELEW,SOLICITUD
43727,2016,2/10/2016,9:37:39,TRELEW,SOLICITUD
43714,2016,2/01/2016,9:26:30,RAWSON,SOLICITUD
43710,2016,1/26/2016,12:29:51,RAWSON,SOLICITUD
43707,2016,1/25/2016,12:00:49,0,SOLICITUD
43706,2016,1/25/2016,12:00:28,ESQUEL,SOLICITUD
43703,2016,1/19/2016,18:53:34,TRELEW,SOLICITUD
43701,2016,1/19/2016,14:05:46,0,SOLICITUD
43697,2016,1/15/2016,11:29:48,PUERTO MADRYN,SOLICITUD
43694,2016,1/14/2016,12:05:06,COMODORO RIVADAVIA,SOLICITUD
43692,2016,1/12/2016,11:20:02,TRELEW,SOLICITUD
43691,2016,1/12/2016,10:36:45,ESQUEL,SOLICITUD
43690,2016,1/08/2016,9:11:41,TRELEW,SOLICITUD
43686,2016,1/06/2016,16:06:01,0,SOLICITUD
43683,2016,1/06/2016,12:15:56,TRELEW,SOLICITUD
43681,2016,1/05/2016,14:35:58,EL HOYO,SOLICITUD
43680,2016,1/05/2016,12:11:29,RAWSON,SOLICITUD
43679,2016,1/04/2016,22:08:10,0,SOLICITUD
44010,2016,10/28/2016,8:05:36,LAGO PUELO,SUGERENCIA
44009,2016,10/27/2016,8:15:12,RAWSON,SUGERENCIA
43963,2016,9/20/2016,13:39:30,TRELEW,SUGERENCIA
43888,2016,8/09/2016,0:30:45,COMODORO RIVADAVIA,SUGERENCIA
43864,2016,7/06/2016,8:35:34,PUERTO MADRYN,SUGERENCIA
43841,2016,6/10/2016,19:38:47,TRELEW,SUGERENCIA
43832,2016,6/04/2016,20:41:50,COMODORO RIVADAVIA,SUGERENCIA
43729,2016,2/10/2016,14:21:54,TRELEW,SUGERENCIA
43716,2016,2/01/2016,10:13:56,BUENOS AIRES,SUGERENCIA
43704,2016,1/22/2016,8:59:40,RAWSON,SUGERENCIA
44028,2016,11/08/2016,0:34:56,RAWSON,OTRO
43996,2016,10/15/2016,22:16:03,GOBERNADOR COSTA,OTRO
43991,2016,10/13/2016,13:11:40,TRELEW,OTRO
43971,2016,9/29/2016,16:42:07,TRELEW,OTRO
43960,2016,9/09/2016,15:11:42,TRELEW,OTRO
43959,2016,9/06/2016,14:42:44,COMODORO RIVADAVIA,OTRO
43958,2016,9/05/2016,17:00:23,COMODORO RIVADAVIA,OTRO
43955,2016,9/04/2016,17:36:15,0,OTRO
43936,2016,8/23/2016,10:29:37,TRELEW,OTRO
43927,2016,8/22/2016,17:33:01,TRELEW,OTRO
43922,2016,8/22/2016,15:47:47,TRELEW,OTRO
43921,2016,8/22/2016,15:46:53,TRELEW,OTRO
43920,2016,8/22/2016,15:45:55,0,OTRO
43919,2016,8/22/2016,15:45:38,TRELEW,OTRO
43910,2016,8/22/2016,11:44:23,0,OTRO
43909,2016,8/22/2016,11:44:14,EL ESCORIAL,OTRO
43908,2016,8/22/2016,11:44:13,EL ESCORIAL,OTRO
43880,2016,7/22/2016,17:08:18,PUERTO MADRYN,OTRO
43872,2016,7/15/2016,17:57:33,EPUYEN,OTRO
43861,2016,7/02/2016,15:07:31,COMODORO RIVADAVIA,OTRO
43855,2016,6/27/2016,14:10:22,LAGO PUELO,OTRO
43843,2016,6/14/2016,12:57:41,EL HOYO,OTRO
43840,2016,6/09/2016,12:00:22,TRELEW,OTRO
43824,2016,6/02/2016,10:49:35,TRELEW,OTRO
43814,2016,5/26/2016,12:18:26,TRELEW,OTRO
43807,2016,5/19/2016,0:23:40,PUERTO MADRYN,OTRO
43793,2016,5/09/2016,21:37:54,RAWSON,OTRO
43771,2016,4/20/2016,13:55:36,RAWSON,OTRO
43765,2016,4/07/2016,10:19:22,TRELEW,OTRO
43748,2016,2/26/2016,10:04:15,0,OTRO
43731,2016,2/11/2016,2:32:35,TRELEW,OTRO
43725,2016,2/05/2016,17:55:45,TRELEW,OTRO
43720,2016,2/01/2016,16:05:13,COMODORO RIVADAVIA,OTRO
43719,2016,2/01/2016,16:03:21,COMODORO RIVADAVIA,OTRO
43717,2016,2/01/2016,11:01:51,CIUDADELA,OTRO
43712,2016,1/28/2016,13:54:01,ALDEA BELEIRO,OTRO
43699,2016,1/16/2016,18:53:47,RAWSON,OTRO
