idEscuela,CUE,idDepartamento,idLocalidad,idNivelEducativo,Escuela,DireccionPostal,Telefono,Ambito,Region
7703,2600679,21,30,3,COLEGIO SECUNDARIO Nº7703,9003 - PUNTA NOVALES 450,0297-4590142,Urbana,VI
7702,2600678,21,30,3,COLEGIO SECUNDARIO Nº7702,9003 - GAUCHO RIVERO S/N,0297-4535655,Urbana,VI
7701,2600673,7,20,3,ESCUELA PROVINCIAL Nº7701,9120 - SARMIENTO 268,0280-15534445,Urbana,II
2702,2600138,77,30,3,E.M.A.L. ,9103 - M.M. DE GÃœEMES Nº710 e/D.CANNITO Y PROV. DE STA. CRUZ,0280-485686,Urbana,IV
2701,2600374,7,20,7,E.M.A.L. ,9120 - JUAN MUZIO 707 e/ INDEPENDENCIA y CAPUTO,0280-451314,Urbana,II
2416,2600613,14,20,1,JARDIN MATERNAL DE CHOLILA,9217- AV. 15 DE DICIEMBRE S/NºY RUTA 71,02945-498040,Rural,I
2415,2600612,77,40,1,CENTRO MATERNO INFANTIL,9100 - MORENO NORTE S/NÂª,0280-427484,Urbana,IV
2414,2600598,35,30,1,JARDIN MUNICIPAL,9200 - ALSINA esq. PASTEUR,02945-15467929,Urbana,III
2413,2600589,84,70,1,,9030 - BELGRANO NÂ° 585,02903-420372,Urbana,V
2412,2600583,77,30,1," \ESTRELLITA DE MAR\""""",9103 - NAHUELPAN Y AVDA. ANTÃRTIDA ARGENTINA,15507502,Urbana,IV
2411,2600577,77,30,1," \CRECIENDO JUNTOS\""""",9103 - VACHINA Nº389,0280-482259,Urbana,IV
2410,2600570,91,20,1,JARDIN MATERNAL MUNICIPAL,9020 - AMEGHINO Y ESPAÃ‘A,0297-4894330,Urbana,V
2409,2600533,21,30,1,JARDINES MATERNALES MUNICIPALES,9000 - DALLE MURA Nº270 BÂº STELLA MARIS,0297-4470200,Urbana,VI
2408,2600531,7,20,1,ACUARELA,9120 - LA RIOJA Nº725 BÂº GOB. FONTANA,0280-472365,Urbana,II
2407,2600530,7,20,1,PICHI Ã‘EKUM,9120 - ALBARRACÃN Nº2982 BÂº SAN MIGUEL,0280-471126,Urbana,II
2406,2600529,7,20,1,ESC. MUNICIP. DE NIVEL INICIAL,9120 - GUALJAINA S/N BÂº PUJOL II,0280-471005,Urbana,II
2405,2600528,7,20,1,PARAÃSO DE COLORES,9120 - ANITA JONES 25 - BÂº PUJOL,0280-456982,Urbana,II
2404,2600508,77,30,1,MATERNALES BARRIALES,9103 - CEFERINO NAMUNCURÃ S/N,0280-15664328,Urbana,IV
2403,2600117,35,30,1,MATERNALES BARRIALES ,9200 - SOBRE COSTANERA ENTRE PERITO MORENO Y DARWIN,02945-454403,Urbana,III
2401,2600405,7,20,1,PIEDRA LIBRE,9120 - JUAN MUZIO Y NECOCHEA,0280-473171,Urbana,II
2005,2600176,35,30,2,EXPERIMENTAL Nº1,9200 - ALBERGUE MUNICIPAL RUTA 259 - KM 5,02945-454434,Urbana,III
2004,2600114,35,60,2,EL MOLINO,9203 - MOLINO VIEJO 508,02945-480604,Urbana,III
2003,2600373,7,20,2,VICTOR MORON,9120 - ANITA JONES Nº44,0280-473162,Urbana,II
2002,2600404,7,20,2,DANIEL BUSTAMANTE,9120 - TECKA Nº1562 -  BÂº PUJOL II,0280-451431,Urbana,II
2001,2600059,7,20,2,CELINA BAZAN DE PADILLA,9120 - ALBARRACÃN NORTE NÂ° 2982,0280-450376,Urbana,II
1725,2600601,35,30,3,FUNDACIÃ“N EDUCATIVA ESQUEL,9200 - 25 DE MAYO 283,02945-456053,Urbana,III
1724,2600580,42,30,3,COLEGIO ALIWEN,9105 - ,0280-491981,Urbana,IV
1715,2600440,77,40,3,ESCUELA NUEVA,9100 - CHACRA 94,0280-443264,Urbana,IV
1713,2600436,35,30,3,INSTITUTO SAN LUIS GONZAGA,9200 - CHACABUCO 859,02945-452535,Urbana,III
1708,2600351,91,20,3,INSTITUTO GOBERNADOR FONTANA,9020 - AV. SAN MARTÃN 788,0297-4893099,Urbana,V
1704,2600431,77,40,3,INSTITUTO PADRE JUAN MUZIO,9100 - MORENO 1004,0280-421196,Urbana,IV
1703,2600435,77,40,3,INSTITUTO MARÃA AUXILIADORA,9100 - SAN MARTÃN 260,0280-424469,Urbana,IV
1702,2600445,77,30,3,INSTITUTO DON BOSCO,9103 - DON BOSCO 248,0280-482623,Urbana,IV
1650,2600483,21,30,9,ESC.FORM.LAB. SAN JOSE OBRERO,9000 - PENSAMIENTOS Nº836,0297-4462314,Urbana,VI
1448,2600539,77,30,1,JARD.MAT. Y JARD.INF.JEFATURA DE POLICIA RAWSON (RES.EN TRAMITE),9103 - BÂº 60 Viv.Policial Casa Nº30 CALLE ERNESTO ECHAVE e/ PAYRÃ“ Y F. AMEGHINO,0280-482828,Urbana,IV
1446,2600517,21,30,1,JARDIN MATERNAL BAMBI - DASU -  ,9000 - LOS BÃšLGAROS 98 SAN MARTÃN ESTE - GRAL. MOSCONI ,0297-4550432,Urbana,VI
1424,2600083,77,40,1,MATERNAL ATECH,9100 - 28 DE JULIO 856,0280-420110,Urbana,IV
1421,2600149,77,40,1,JARDÃN DEL SOL,9100 - CABOT 171,0280-436473,Urbana,IV
1030,2600600,35,30,2,FUNDACIÃ“N EDUCATIVA ESQUEL,9200 - 25 DE MAYO 283,02945-456053,Urbana,III
1028,2600591,77,40,2,ESCUELA DEL SOL,9100 - BELGRANO 973,0280-436342,Urbana,IV
1024,2600129,21,30,2,SAN JUAN BOSCO,9000 - HUERGO 4405 e/ ADELA SMALL y PLÃCIDO GLATIGNI - BÂº MÃXIMO ABÃSOLO,0297-4461176,Urbana,VI
1013,2600144,77,40,2,ESCUELA NUEVA (FUNDEN),9100 - CHACRA 94,0280-443264,Urbana,IV
1012,2600416,77,40,2,ESCUELA ADVENTISTA DR. NICOLÃS AVELLANEDA,9100 - 25 DE MAYO 1240,0280-422636,Urbana,IV
1011,2600004,21,30,2,CEFERINO NAMUNCURA,9000 - RIVADAVIA Nº2520 e/ ARAUCARIAS y MIGUEL DE UNAMUNO,0297-4462037,Urbana,VI
1010,2600128,21,30,2,JUAN XXIII,9000 - S. MARTÃN Nº 3500 e/ LOS PENSAMIENTOS y LOS CLAVELES,0297-4462097,Urbana,VI
1007,2600062,35,30,2,COLEGIO SAN LUIS GONZAGA,9200 - CHACABUCO 859,02945-452535,Urbana,III
1004,2600041,77,40,2,COLEGIO PADRE JUAN MUZIO,9100 - MORENO 1004,0280-421196,Urbana,IV
1003,2600056,77,40,2,INSTITUTO MARÃA AUXILIADORA,9100 - SAN MARTÃN 260,0280-424469,Urbana,IV
1002,2600304,77,30,2,INSTITUTO DON BOSCO,9103 - DON BOSCO 248,0280-482623,Urbana,IV
926,2600490,84,10,3,,9033 - ALDEA APELEG (R. SENGUER),02945-497176,Rural,V
925,2600490,84,50,3,,9031 - FACUNDO,02903-490311,Rural,V
924,2600490,35,120,3,,9203 - LOTE 19 SECC J DEL ENSANCHE DE LA COLONIA 16 DE OCTUBRE,02945-478318,Rural,III
923,2600490,35,110,3,,9200 - PARAJE RÃO PERCY,02945-15500642,Rural,III
922,2600490,84,60,3,,9039 - QUILCHAMAL S/N,02903-490435,Rural,V
919,2600490,49,40,3,,9121 - LAGUNITA SALADA,0280-490720,Rural,IV
918,2600490,84,40,3,,9035 - ESCALADA S/N,02903-490236,Rural,V
917,2600490,49,50,3,,9121 - ALDEA ESCOLAR  YALA LAUBAT,0280-499500,Urbana,IV
916,2600490,7,30,3,,9121 - AVDA. DE LA BALLENAS S/N,0280-495064,Urbana,II
915,2600490,56,20,3,,9201 - CARRENLEUFÃš,02945-490746,Urbana,III
914,2600490,35,70,3,,9201 - 1ROS. POBLADORES S/N,02945-471042,Urbana,III
912,2600490,42,50,3,,9105 - CHACRA 253 - BETHESDA,0280-492205,Urbana,IV
911,2600490,56,40,3,,9201 - RUTA PROVINCIAL NÂª 12,02945-479937,Urbana,III
910,2600490,35,40,3,,9203 - ESTAFETA POSTAL,02945-479301,Urbana,III
908,2600490,105,20,3,,9121 - SAN MARTÃN S/N,0280-499344,Urbana,IV
907,2600490,63,20,3,,9101 - AVDA. SAN MARTÃN S/N,0280-490839,Urbana,IV
906,2600490,49,30,3,,9121 - AV. YANQUETRUZ  S/Nºe/ LLOICA y MALEN ,0280-490520,Urbana,IV
905,2600490,105,10,3,,9121 - SAN MARTÃN Y 21 DE SETIEMBRE S/N,0280-490406,Urbana,IV
904,2600490,14,30,3,,9211 - AVDA. DEL LIBERTADOR S/N,02945-470751,Urbana,I
902,2600490,14,60,3,,9211 - LOS CÃ“NDORES S/N,02945-499063,Urbana,I
900,NULL,77,30,3,ESCUELA ABIERTA SEMIPRESENCIAL (PROYECTO EDUCACION Y TRABAJO),9103 - CASTELLI NÂ° 450 e/ AV. 25 DE MAYO Y AV. ANTÃRTIDA ARGENTINA,NULL,Urbana,IV
814,2600675,14,90,8,INSTITUTO SUPERIOR Nº814,8431 - RUTA Pcial. Nº16,02944-499050,Rural,I
812,2600578,21,30,8,CeRET- INST. SUP. De EDU. TECN.,9000 - AVDA. DEL LIBERTADOR GRAL. SAN MARTÃN 560 e/ AVDA. BUQUE FRAY LUIS BELTRÃN  y PETROLERO SAN BLAS - B` GRAL. MOSCONI,0297-4550590,Urbana,VI
811,2600265,77,30,8,COMISARIO GRAL. JUAN G. BOYD,9103 - P. MARTÃNEZ 257 e/ J.A. ROCA y MITRE,0280-482551,Urbana,IV
810,2600135,21,30,8,"INST. EDUC.FISICA \FIDEL MORENO\""""",9000 - AV. LÃNGARA Y GUILLERMO COX -BÂºGRAL.MOSCONI C.C 702,0297-4550729,Urbana,VI
809,2600025,35,30,8,REP. COSTA RICA,9200 - SARMIENTO Nº950,02945-451212,Urbana,III
808,2600058,77,40,8,PEDRO Y MARIA CURIE,9100 - PELLEGRINI NÂ° 390 e/ SAN MARTÃN y 25 DE MAYO,0280-426567,Urbana,IV
807,2600415,21,30,8,PERITO MORENO,9000 - MITRE Y PERITO MORENO S/N 1Âº PISO,0297-4478911,Urbana,VI
806,2600050,21,30,8,ESCUELA SUP. DE ARTE,9000 - CLARA MIZRAHI S/N e/ JUAN GARCÃA FERNÃNDEZ y AVDA. ING. DUCÃ“S,0297-4467604,Urbana,VI
805,2600155,77,40,8,ESCUELA SUP. DE MUSICA,9100 - AV. GALES NÂ° 270 e/ MITRE y RIVADAVIA,0280-427668,Urbana,IV
804,2600119,35,30,8,ESCUELA SUPERIOR DOCENTE,9200 - SAENZ PEÃ‘A 2352  e/ ALEJANDRO CONESA y LIBERTAD - B. MALVINAS,02945-453958,Urbana,III
803,2600023,7,20,8,ESCUELA SUPERIOR DOCENTE,9120 - 25 DE MAYO 1090 e/ MORENO y RIVADAVIA,0280-457769,Urbana,II
802,2600336,21,30,8,ESCUELA SUPERIOR DOCENTE,9000 - IRIGOYEN Nº748,0297-4463943,Urbana,VI
801,2600157,77,40,8,ESCUELA SUPERIOR DOCENTE,9100 - RAWSON NÂ° 351e/ PELLEGRINI y  MITRE,0280-426563,Urbana,IV
799,2600661,21,30,3,NULL,NULL,NULL,Urbana,VI
798,2600653,21,30,3,NULL,NULL,0297-4590142,Urbana,VI
797,2600652,21,30,3,NULL,NULL,0297-4470452,Urbana,VI
796,2600651,21,30,3,NULL,NULL,0297-4462534,Urbana,VI
795,2600650,77,30,3,NULL,NULL,0280-481099,Urbana,IV
794,2600649,42,30,3,NULL,NULL,0280-491012,Urbana,IV
793,2600648,77,40,3,NULL,NULL,0280-447150,Urbana,IV
792,2600647,77,40,3,NULL,NULL,0280-421040,Urbana,IV
791,2600646,35,30,3,NULL,NULL,02945-454400,Urbana,III
790,2600645,7,20,3,NULL,NULL,0280-452172,Urbana,II
789,2600644,7,20,3,NULL,NULL,NULL,Urbana,II
788,2600643,14,90,3,NULL,NULL,02944-499050,Rural,I
787,2600622,77,40,3,,9100 - ECUADOR Y ELSGOOD,0280-427605,Urbana,IV
786,2600618,7,20,3,,9120 - JOSÃ‰ MENÃ‰NDEZ 445 e/ MARSENGO y â€¦.,0280-453852,Urbana,II
785,2600617,7,20,3,,9120 - ARTURO JAURETCHE 1040,0280-450084,Urbana,II
784,2600597,77,40,3,DR. MARIO ABEL AMAYA,9100 - R. Y CAJAL 350 e/ 25 DE MAYO y SAN MARTÃN -  C.C.240,0280-428519,Urbana,IV
783,2600596,98,40,3,,9225 - AVDA. SAN MARTÃN S/NÂº,02945-492008,Urbana,III
782,2600595,56,50,3,,9201 - AVDA. SAN MARTÃN S/Nº- C.C.6,02945-493082,Urbana,III
781,2600590,42,20,3,,9107 - CONTINUACIÃ“N 28 DE JULIO Y CANAL DE DRENAJE FRACCIÃ“N 23,0280-492257,Urbana,IV
780,2600582,14,70,3,,9201 - BENITO FERNÃNDEZ S/N e/ CHEUQUE y S/NOMBRE,02947-479139,Rural,III
779,2600581,35,20,3,,9201 - RUTA NACIONAL Nº17 S/N - CORCOVADO,02945-494039,Urbana,III
778,2600573,77,40,7,,9100 - 25 DE MAYO 390 e/ PELLEGRINI y MITRE,0280-433822,Urbana,IV
777,2600572,70,30,3,,9101 - CALLE S/ NOMBRE - LAS PLUMAS,0280-497253,Urbana,IV
776,2600567,77,30,3,,9103 - CENTENARIO 1035 e/ SOBERANÃA NACIONAL Y BUSTAMANTE Y GUERRA (PLAYA UNION),0280-496741,Urbana,IV
775,2600566,7,20,3,,9120 - ALEM e/ PERIODISTAS CHUB. Y CONTÃN,0280-473231,Urbana,II
774,2600563,14,60,3,,9211 - PASAJE LOS COLIBRÃES - EL HOYO,02945-499238,Rural,I
773,2600564,42,40,3,TIR HALEN,9107 - CHACRA 339,0280-492235,Rural,IV
771,2600503,77,40,3,,9100 - COLOMBIA Nº152 e/ RIVADAVIA NORTE y BELGRANO NORTE,0280-423366,Urbana,IV
770,2600470,21,30,3,,9000 - LOS BULGAROS Nº20 e/ AVDA. DEL LIBERTADOR y GOB. MOYANO - BÂº GRAL. MOSCONI KM 3,0297-4559359,Urbana,VI
769,2600469,21,30,7,CIUDAD DEL VIENTO,9000 - SAN FRANCISCO DE ASIS Nº834  e/ J. DIAZ DE SOLÃS y DRA. ALICIA MOREAU DE JUSTO -  B. PUEYRREDON,0297-4461595,Urbana,VI
768,2600468,7,20,7,,9120 - GALINA S/N e7 GRAL. MOSCONI y F. ESCARDÃ“ -  C.C. 92,0280-471869,Urbana,II
767,2600425,35,30,3,Dr. JULIAN RIPA,9200 - 25 DE MAYO Nº959 e/ R.S.PEÃ‘A y ALSINA,02945-451232,Urbana,III
766,2600429,21,30,3,PERITO MORENO,9000 - P. MORENO Y MITRE S/N,0297-4466138,Urbana,VI
765,2600467,14,90,3,,8430 - REMIGIO NOGUÃ‰S S/N,02944-499309,Urbana,I
764,2600365,21,30,7,C.E.N.S. Nº362,9000 - AV. L. DE LA TORRE 3400 e/ MARIANO RODRÃGUEZ y AVDA. CONGRESO -  C.C. 31 SUC. 2,0297-4482135,Urbana,VI
763,2600466,77,40,7,C.E.N.S. Nº361,9100 - PECORARO Nº441 e/ SAN MARTÃN y 28 DE JULIO,0280-427491,Urbana,IV
762,2600160,77,40,3,DOCTOR RENE FAVALORO,9100 - COLOMBIA Nº152 e/ RIVADAVIA NORTE y BELGRANO NORTE,0280-423366,Urbana,IV
761,2600249,42,30,7,C.E.N.S. Nº227,9105 - MIGUEL D. JONES 490,0280-491757,Urbana,IV
760,2600049,21,30,3,GUARDACOSTAS RIO IGUAZU E.N.E.T. Nº2 ,9000 - H. YRIGOYEN 315 e/ 9 DE JULIO y CARLOS PELLEGRINI,0297-4463903,Urbana,VI
759,2600158,77,40,3," \FLORENCIO MOLINA CAMPOS\""""",9100 - 9 DE JULIO 386 ESQ.PELLEGRINI,0280-427584,Urbana,IV
758,2600355,35,30,3,CENTRO POLIV. ARTE,9200 - DON BOSCO Nº1453,02945-451919,Urbana,III
757,2600136,21,30,3,PTE. HIPOLITO YRIGOYEN,9000 - PETROLERA S. LORENZO 428 e/ GREGORIO MAYO y CLEMENTE ONELLI,0297-4557116,Urbana,VI
756,2600222,91,20,7,C.E.N.S. NºS/N o 152,9020 - REG. INF. MEC. 25 NÂ° 32,0297-4898356,Urbana,V
755,2600275,21,30,7,C.E.N.S. Nº143,9000 - CONSTITUCIÃ“N S/N BÂºCIUDADELA,0297-4548560,Urbana,VI
754,2600242,21,30,7,C.E.N.S. Nº122,9000 - SAN MARTIN 1451e / ALVEAR y CORNELIO SAAVEDRA,0297-4472068,Urbana,VI
753,2600100,77,30,7,C.E.N.S. Nº113,9103 - MITRE 762 e/ A. MAÃZ E HIP. IRIGOYEN,0280-484710,Urbana,IV
752,2600308,77,30,3,RAQUEL CHATTAH DE BEC,9103 - MITRE 762 e/ A. MAÃZ E HIP. IRIGOYEN,0280-484112,Urbana,IV
751,2600042,77,40,3,E.N.C. Nº1,9100 - R. Y CAJAL 350 e/ 25 DE MAYO y SAN MARTÃN -  C.C.240,0280-427671,Urbana,IV
750,2600071,7,20,3,LEANDRO N. ALEM,9120 - AV. GALES Nº892 e/ VILLEGAS y RECONQUISTA,0280-451908,Urbana,II
749,2600397,21,30,3,GRAL. ING. BALDRICH,9000 - GRECIA Y CROACIA - BÂº CIVICO,0297-4462663,Urbana,VI
748,2600048,77,40,3,TTE. CRNEL. LUIS PIEDRABUENA ,9100 - PECORARO Nº441 e/ SAN MARTÃN y 28 DE JULIO,0280-427491,Urbana,IV
747,2600121,77,40,3,COLEGIO NACIONAL DE TRELEW,9100 - 25 DE MAYO 390 e/ PELLEGRINI y MITRE,0280-427602,Urbana,IV
746,2600051,21,30,3,,9000 - CLARA MIZRAHI S/N e/ JUAN GARCÃA FERNÃNDEZ y AVDA. ING. DUCÃ“S,0297-4444387,Urbana,VI
745,2600064,21,30,3,,9000 - I. DE LOS ESTADOS Nº233 e/ FIGUEROA ALCORTA y ARTIGAS,0297-4443621,Urbana,VI
744,2600410,77,40,3,,9100 - BERWYN Nº1785  e/ LAS HERAS y PADILLA,0280-426853,Rural,IV
743,2600065,21,30,3,PARQUE EOLICO ANTONIO MORAN,9000 - LA RAZON e/ GABRIEL BARCELÃ“ y AVDA. KENNEDY  -  ,4481488/4483406,Urbana,VI
742,2600377,21,30,3,,9002 - M. GALETO DE ABAD 351,0297-4559386,Urbana,VI
741,2600388,7,20,3,CABO BOMBERO VOL. JUAN M.PASSERINI,9120 - MORENO 142 e/ 25 DE MAYO y MITRE,0280-453500,Urbana,II
740,2600030,35,60,3,,9203 - AVDA. SAN MARTIN NÂ° 44,02945-478310,Urbana,III
739,2600221,91,20,3,DRA. BEATRIZ JOSEFA TORRES,9020 - REG. INF. MEC. 25 NÂ° 32,0297-4898360,Urbana,V
738,2600132,21,30,3,DR. PASTOR SCHNEIDER,9000 - KAIKEN Nº2135 ENTRE PIERAGNOLI Y HUGO DEL CARRIL,0297-4475405,Urbana,VI
737,2600126,21,30,3,SOLDADO MARIO ALMONACID,9000 - CRONICA 1070 e / Avda. KENNEDY y LA NUEVA PROVINCIA,0297-4445645,Urbana,VI
736,2600194,7,20,3,AVIADORES DE MALVINAS,9120 - AGUSTÃN PUJOL e/ C.T.ARLT Y R. GÃ“MEZ,0280-451676,Urbana,II
735,2600120,35,30,3,,9200 - LIBERTAD Nº952 e/ R.S.PEÃ‘A y ALSINA,02945-451436,Urbana,III
734,2600165,14,40,3,CÃ“NDOR ANDINO,8431 - RUTA NAC. 258,02944-471899,Rural,I
733,2600292,42,60,3, ,9105 - CHACRA 175  GAIMAN,0280-491073,Rural,IV
732,2600408,21,30,3,PBRO.IGNACIO KOENIG,9001 - BOGOTA Nº845  e/ EL SALVADOR Y JAMAICA - BÂº LAPRIDA,0297-4560419,Urbana,VI
731,2600044,21,30,3,GRAN MALVINA,9000 - ALVEAR Nº1150 e/ 12 DE OCTUBRE y HUERGO,0297-4478865,Urbana,VI
730,2600409,77,40,3,PENÃNSULA VALDEZ PATRIMONIO NAT. DE LA HUMANIDAD,9100 - BELGRANO Nº2200 - BÂº U.P.C.N.,0280-443672,Urbana,IV
729,2600162,77,30,3,DR. SALVADOR MAZZA,9103 - M.M. DE GUEMES Nº710 e/D.CANNITO Y PROV. DE STA. CRUZ,0280-484134,Urbana,IV
728,2600389,7,20,3,ALFONSINA STORNI,9120 - E. ROBERTS Nº61 e/ AVDA.  J. A. ROCA  y ABRAHAM MATHEWS,0280-454464,Urbana,II
727,2600164,14,20,3,,9217 - C.C. 6 - EL RINCON - CHOLILA,02945-498089,Rural,I
726,2600143,14,50,3,PADRE URBANO SALORT,9210 - 28 DE JULIO Y GRAL. GUEMES,02945-495153,Urbana,I
725,2600279,91,20,3,JUAN XXIII,9020 - CHACRA SAN MIGUEL 27 C.C. 1,0297-4893184,Urbana,V
724,2600137,77,40,3,PTE. ARTURO H. ILLIA,9100 - D. LLOYD JONES S/N e/ ACCESO SALVADOR ALLENDE y CALLE P.J.MUZIO,0280-427629,Urbana,IV
723,2600037,21,30,3,PUERTO ARGENTINO,9000 - AV. L. DE LA TORRE 3400 e/ MARIANO RODRÃGUEZ y AVDA. CONGRESO -  C.C. 31 SUC. 2,0297-4482570,Urbana,VI
722,2600276,21,30,3,PROSPERO PALAZZO,9000 - J.J. PASO 2135 e/ ESCRIBANO ROCIO ORTIZ y OBSERVADOR THOMAS DAVIES -  B. P. PALAZZO,0297-4548070,Urbana,VI
721,2600250,28,10,3,CALETA HORNO,9111 - J. JOSE DE URQUIZA Nº425 e/ SARMIENTO  y  9 DE JULIO,0297-4963055,Urbana,IV
720,2600400,77,40,3,,9100 - ESTADOS ÃRABES NÂ° 370,0280-427660,Urbana,IV
719,2600189,98,20,3,PEÃ‘IHUE,9223 - ESTRADA S/N  e/ LUIS PIEDRABUENA y FLORENTINO AMEGHINO,02945-491001,Urbana,III
718,2600399,21,50,3,LIBERTAD,9001 - AV. MOYANO Nº2370 e/ ALFÃ‰REZ SOBRAL y CORONEL TOMÃS ESPORA,0297-4452059,Urbana,VI
717,2600167,14,110,3,,9211 - PJE. CERRO RADAL ,02944-499030,Rural,I
716,2600233,84,30,3,CASIMIRO SZLAPELIZ,9033 - SARMIENTO NÂ° 303 e/ CAP. GARCÃA y MARTÃN GÃšEMES,02945-497105,Urbana,V
714,2600154,77,40,3,JULIO CORTAZAR,9100 - RAWSON NÂ° 351e/ PELLEGRINI y  MITRE,0280-426563,Urbana,IV
713,2600417,35,30,3,JUAN ABDALA CHAYEP,9200 - ALSINA Nº2252 e/MIGUENS Y CONESA,02945-451395,Urbana,III
712,2600153,77,40,3,DON S. ESTRADA,9100 - AV. GALES NÂ° 270 e/ MITRE y RIVADAVIA,0280-427580,Urbana,IV
711,2600001,21,30,3,FEDERICO BRANDSEN ,9000 - SAN FRANCISCO DE ASIS Nº834  e/ J. DIAZ DE SOLÃS y DRA. ALICIA MOREAU DE JUSTO -  B. PUEYRREDON,0297-4461595,Urbana,VI
710,2600061,7,20,3,MARIA S. CARBAJAL,9120 - GALINA S/N e7 GRAL. MOSCONI y F. ESCARDÃ“ -  C.C. 92,0280-451500,Urbana,II
709,2600190,98,30,3,GENDARMERIA NACIONAL,9220 - URQUIZA S/N e / RAMÃ“N DÃAZ y AVDA. SAN MARTÃN,02945-496003,Urbana,III
708,2600178,35,30,7,MALVINAS ARGENTINAS,9200 - AV. ALVEAR Y OWEN JONES NÂ° 796,02945-452337,Urbana,III
707,2600274,21,30,3,CIUDAD DE YAPEYU,9003 - SANTOS DISCÃ‰POLO - B. COMERCIO - KM 8,0297-4535563,Urbana,VI
706,2600230,84,70,3,GREGORIO MAYO,9030 - FONTANA Nº693 e/ IRIGOYEN y SAN MARTÃN,02903-420455,Urbana,V
705,2600465,35,60,3,NESTOR G. SALVATIERRA,9203 - JHON MURRAY THOMAS S/N,02945-480113,Urbana,III
704,2600055,21,30,3,PREF. NAVAL ARG.,9000 - IGNACIO WARNES e/ AV. QUINTANA  y J.M. PAZ - (GRAL. MOSCONI S/N),0297-4550528,Urbana,VI
703,2600464,7,20,3,JOSE TOSCHKE ,9120 -  VILLEGAS 451e/ 9 DE JULIO y SARMIENTO,0280-451950,Urbana,II
702,2600141,77,30,3,DR. GUILLERMO RAWSON,9103 - AV. ANTAR.ARGENTINA 451,0280-481351,Urbana,IV
701,2600418,35,30,3,FRANCISCO E.GILARDONI,9200 - AV. ALVEAR Y OWENS JONES,02945-451393,Urbana,III
657,2600463,14,90,9,C.F.P. 8,8430 - PARAJE LA ISLA,02944-499311,Urbana,I
656,2600671,14,60,9,C.F.P. 7,9211- Avda. LOS CÃ“NDORES S/N,02945-499417,Urbana,I
655,2600461,35,30,9,C.F.P. 6,9200 - SAENZ PEÃ‘A NÂ° 2627,02945-453449,Urbana,III
654,2600460,42,30,9,C.F.P. 5 ,9105 - 9 DE JULIO Y AV. E. TELLO,0280-491622,Urbana,IV
653,2600459,77,40,9,C.F.P. 4,9100 - RIVADAVIA NÂ° 192,0280-427665,Urbana,IV
652,2600458,21,30,9,C.F.P. 3,ESPAÃ‘A 750 e/ AMEGHINO Y AVDA. ING. CORONEL,0297-4486655,Urbana,VI
651,2600457,7,20,9,C.F.P. 2,9120 - BOUCHARD NÂ° 701,0280-455204,Urbana,II
650,2600516,77,30,9,C.F.P. 1,9103 - BURMEISTER Y GREGORIO MAYO,0280-483999,Urbana,IV
624,2600223,84,70,6,,9030 - 25 DE MAYO NÂ° 849 (RUTA 40),NULL,Urbana,V
618,2600437,77,40,6,JUANA EVANGELINA VELAZQUEZ ADARO DE ZARATE,"9100 - ENTRE SECTOR D, E Y F  -  BÂº CONSTITUCIÃ“N",0280-427377,Urbana,IV
617,2600204,7,20,6,,9120 - FUERTE SAN JOSE Nº115,0280-451019,Urbana,II
615,2600081,77,40,6,DONALD BORSELLA,9100 - LEWIS JONES 412 Y LEZANA,0280-427559,Urbana,IV
614,2600284,21,30,6,,9000 - DORREGO 1620 e/ VIAMONTE y L.N. ALEM,0297-4473200,Urbana,VI
613,2600002,21,30,6,,9000 - LOS NOGALES e/  GRANADEROS y SAN MARTÃN - C.C.103 SUC.2,0297-4469449,Urbana,VI
612,2600220,91,20,6,,9020 - URQUIZA 1050 e/ RAWSON y 12 DE OCTUBRE,0297-4898478,Urbana,V
611,2600208,21,30,6,,9003 - GAUCHO RIVERO S/N  esq. AVDA. ALEJANDRO MAÃZ - BÂ° DON BOSCO-KM 8,0297-4535381,Urbana,VI
610,2600334,21,30,6,,9000 - RIVADAVIA 751 e/ ESPAÃ‘A y BELGRANO -  C.C. 624,0297-4440177,Urbana,VI
609,2600264,42,20,6,,9107 - RIVADAVIA 251,0280-492017,Urbana,IV
608,2600168,77,40,6,MAESTRO DANIEL ANDRES ARCE,9100 - EDISON Nº385 e/ SAN MARTÃN y 25 DE MAYO,0280-423791,Urbana,IV
607,2600312,7,20,6,,9120 - SARMIENTO 268                                                                                                    ,0280-451815,Urbana,II
604,2600166,14,50,6,,9210 - CÃ“RDOBA S/N,NULL,Urbana,I
603,2600266,77,30,6,MAESTRA ADELAIDA M. BECERRA,9103 - ALEJANDRO MAÃZ 150 e/ MITRE Y RIVADAVIA ,0280-484830,Urbana,IV
602,2600112,35,30,6,ALFREDO ANGEL PILLATTI,9200 - AV. ALVEAR 1086 e/ 25 DE MAYO y SARMIENTO,02945-451234,Urbana,III
601,2600078,35,60,6,AGUSTIN IGNACIO DE JESUS PONCE,9203 - AP-IWAN Nº838,02945-480894,Urbana,III
561,2600677,77,40,4,CENTRO DE SERVICIOS ALT. Y COMPLEMENTARIOS,9100 - H. IRIGOYEN y MARTÃN FIERRO,NULL,Urbana,IV
560,2600602,35,30,4,C. SERV. ALTER.Y COMPL.,9200 - AV. PRESIDENTE PERÃ“N  NÂ° 1251,02944-451163,Urbana,III
559,2600603,98,20,4,C. SERV. ALTER.Y COMPL.,9223 - AV. JULIO A. ROCA S/N,02945 - 491175,Urbana,III
558,2600604,91,20,4,C. SERV. ALTER.Y COMPL.,9020 - REG. INF. MEC. 25 NÂ° 32,0297-4894656,Urbana,V
557,2600554,35,60,4,C. SERV. ALTER.Y COMPL.,9203 - AP-IWAN Nº838,02944-480081,Urbana,III
556,2600553,7,20,4,C. SERV. ALTER.Y COMPL.,9120 - ALBARRACÃN 23 - ,0280-456803,Urbana,II
555,2600552,42,30,4,C. SERV. ALTER.Y COMPL.,9105 - 25 DE MAYO Nº213,0280-491754,Urbana,IV
554,2600558,21,30,4,C. SERV. ALTER.Y COMPL.,9000 - 25 DEMAYO Nº381 - 1Âº PISO,0297-4444703,Urbana,VI
553,2600557,77,40,4,C. SERV. ALTER.Y COMPL. ,9100 - 28 DE JULIO 1211,0280-429435,Urbana,IV
552,2600556,77,30,4,C. SERV. ALTER.Y COMPL. ,9103 - JUAN GOICOCHEA S/Nºe/ AVDA. J. MURGA Y F. AMEGHINO,0280-485505,Urbana,IV
551,2600551,35,30,4,C. SERV. ALTER.Y COMPL.NÂº1,9200 - ALVEAR Nº2350,02945-451163,Urbana,III
531,2600606,35,60,4,ESC. DE CAPACITACION Y FORMACION LABORAL,9203 - Viv. Ofic. BÂº ALBORADA,02945-480051,Urbana,III
530,2600585,14,50,4,AYUTUN-HUE,9210 - SAN MARTÃN S/N,0280-495475,Urbana,I
529,2600579,77,40,4,PEUMA POUN,9100 - AVDA. LA PLATA 1546 e/ TOMÃS GUIDO NORTE y SANTA FE NORTE,0280-435962,Urbana,IV
528,2600569,7,20,4,,"9120 - BÂ° ROCA ENT. 7,8 Y 9 ACC. 81- 1Â° B",0280-455291,Urbana,II
527,2600555,35,30,4,,9200 - ROGGERO Y CONESA,02945-455615,Urbana,III
526,2600515,7,20,4,,9120 - ITALIA Y ARTIGAS,0965-456456,Urbana,II
525,2600501,77,30,4,,9103 - JUAN GOICOCHEA e/ AVDA. J. MURGA Y F. AMEGHINO,0280-485433,Urbana,IV
524,2600472,7,20,4,,9120 - TOMÃS ESPORA Y HÃ‰ROES DE MALVINAS,0280-453508,Urbana,II
523,2600451,35,30,4,,9200 - RIVADAVIA 900,02944-452414,Urbana,III
522,2600022,14,220,4,,8431 - AP.INT.123 - EL BOLSÃ“N,02944-473107,Rural,I
521,2600238,21,30,4,CDRO. MARTÃN RIVADAVIA,9000 - HERNANDARIAS Nº159 e/ DR. FEDERICO ESCALADA y FONTANA,0297-4460497,Urbana,VI
520,2600195,7,20,4,ANTARTIDA ARGENTINA,9120 - R. GOMEZ E/ D.GARCÃA Y PJE.DEL MAR,0280-451068,Urbana,II
519,2600018,21,30,4,GENERAL ENRIQUE MOSCONI,9000 - J.R.BALCARCE Nº7980 -  BÂº GRAL. MOSCONI - KM.3,0297-4558360,Urbana,VI
518,2600170,35,30,4,,9200 - SAENZ PEÃ‘A Y SARMIENTO ,02945-453470,Urbana,III
517,2600237,21,30,4,,9000 - SAAVEDRA Nº250 e/ BOUCHARD y VÃ‰LEZ SARSFIELD,0297-4478738,Urbana,VI
516,2600198,7,20,4,,9120 - FONTANA Nº440 e/ ,0280-453467,Urbana,II
515,2600335,21,30,4,,9000 - SAN MARTÃN 712 e/ M.BELGRANO y ESPAÃ‘A,0297-4463004,Urbana,VI
514,2600054,21,30,4,ALICIA DEFOREL,9000 - FIGUEROA ALCORTA Nº51  e/ SAN LUIS y LA RIOJA- BÂº 13 DE DICIEMBRE,0297-4445620,Urbana,VI
513,2600290,42,30,4,,9107 - SOBERANÃA ARGENTINA Nº6 e W.BRUNT Y ELISEO AGÃœERO -,0280-491142,Urbana,IV
512,2600159,77,40,4,,9100 -ITALIA Nº462  e/ ALEM y LEZANA,0280-423456,Urbana,IV
511,2600390,77,40,4,MAESTRO JOSE LORENZO GONZALEZ,9100 - ALEM Nº360 e/ ITALIA y LEWIS JONES,0280-424705,Urbana,IV
510,2600152,35,30,4,,9200 - LIBERTAD 836 e/ ALVEAR y R.S. PEÃ‘A,02945-451105,Urbana,III
509,2600514,77,30,4,,9103 - E. LAPORTE ESQ.  AMEGHINO,0965-482002,Urbana,IV
508,2600216,91,20,4,,9020 - AMEGHINO Y RIVADAVIA,0297-4893717,Urbana,V
506,2600104,77,40,4,,9100 - J. HERNÃNDEZ 160 e/ MORENO y URQUIZA,0280-426100,Urbana,IV
504,2600255,77,30,4,,9103 - AVDA. TTE. MURGA  e/  E. LAPORTE y GOYCOECHEA,0280-482177,Urbana,IV
503,2600378,77,40,4,PROVINCIA DE TUCUMAN,9100 - MORENO 2116 e/ THOMAS DAVIES y PERDRIEL,0280-443287,Urbana,IV
502,2600184,35,30,4,,9200 - AV. ALVEAR 2350 e/ ALEJANDRO  CONESA y LIBERTAD,02945-451412,Urbana,III
501,2600052,21,30,4,REMEDIOS ESCALADA DE SAN MARTIN,9000 - 25 DE MAYO Y AV. DUCOS,0297-4464387,Urbana,VI
471,2600682,77,40,1,NULL,9100 - EDISON 385,NULL,Urbana,IV
470,2600681,35,30,1,NULL,9200 - Pje. VERA y Avda. HOLDICH,NULL,Urbana,III
469,2600680,35,30,1,NULL,9200 - LIBERTAD y ROQUE SAENZ PEÃ‘A,02945-451423,Urbana,III
468,2600665,77,40,1,NULL,9100 - COLOMBIA Y RIVADAVIA S/N,NULL,Urbana,IV
467,NULL,21,30,1,NULL,NULL,NULL,Urbana,VI
466,2600662,56,50,1,NULL,NULL,NULL,Urbana,III
465,2600635,21,30,1,,9000 - AV. PIERAGNOLI S/Nº- BÂº MAX. ABÃSOLO,NULL,Urbana,VI
464,2600634,7,20,1,,9120 - TREVELIN 1285  e/ LELEQUE Y EPUYÃ‰N. BÂº PUJOL II,NULL,Urbana,
463,2600633,21,30,1,,9000 - P. BORJAS ENTRE E. HERMITTE Y W. ESCALANTE-BÂº STANDARD  CENTRO,2965-4536657,Urbana,VI
462,2600632,7,20,1,,9120 - BOULEVARD BROWN 3500 e CALLE S/Nºy predio de la U.N.P.S.J.B. - BÂº DEL DESEMBARCO,0280-458498,Urbana,ii
461,2600625,7,20,1,,9120 - DORREGO S/N  e/ COLÃ“N Y PIEDRABUENA - BÂº GOB. GALINA - COVITRE 1 -,0280-457933,Urbana,ii
460,2600619,91,20,1,,9020 - URQUIZA 1050,0280-4893701,Urbana,V
459,2600592,77,20,1,,9103 - LÃ“PEZ Y PLANES  S/N  e/ GIACCHINO Y MACHUCA GONZÃLEZ- (PLAYA UNIÃ“N),0280-498000,Urbana,IV
458,2600587,98,30,1,,9220 - SARMIENTO S/N e/. AVDA. SAN MARTÃN Y 25 DE MAYO.,02945-496246,Urbana,III
457,2600544,7,20,1,,9120 - LA PAMPA Nº579 e/ SARMIENTO Y AVDA. GALES ,0280-457923,Urbana,II
456,2600548,98,20,1,,9223 - SARMIENTO S/Nºe/ SAN MARTÃN Y PEDRABUENA ,02945-491134,Urbana,III
455,2600547,35,30,1,,9200 -  PJE. STA. CRUZ S/Nºe/ PJE. CATAMARCA Y CARLOS GARDEL. BÂº CEFERINO.,02945-451620,Urbana,III
454,2600543,35,20,1,,9201 - CALLE SIN NOMBRE ENTRE MANZANA DE BÂº LOS BUSTOS Y MZ DE 54 VIVIENDAS,02945-494005,Rural,III
453,2600536,14,40,1,,9211 - PASEO FRUTILLAS S/N y LAS GUINDAS.,02944-471109,Urbana,I
452,2600526,77,40,1,LIWEN,9100 - TTE. GARCÃA ENTRE SCALABRINI ORTIZ Y MUSTERS,0280-423330,Urbana,IV
451,2600525,77,40,1,,9100 - TREVELIN NORTE NÂª 736 - BÂ° I.N.T.A.,0280-446300,Urbana,IV
450,2600524,35,30,1,,9000 - LOS ÃNGELES S/Nºe / LAS MARGARITAS Y AV. HOLDICH- BÂ° BADEN,02945-454880,Urbana,III
449,2600523,7,20,1,,9120 - NECOCHEAe/  JUAN XXIII  Y WILLIAMS - - BÂ° VEPAM,0280-471575,Urbana,II
448,2600522,7,20,1,,9120 - DOMECQ GARCÃA NÂ° 645 e/ G. ARTIGAS FUERTE SAN JOSÃ‰. BÂº INMIGRANTES- ,0280-451631,Urbana,II
447,2600513,21,30,1,,9000 - POLONIA NÂ° 2100  E/ AV. PIERAGNOLI Y PJE. SIN NOMBRE -  BÂ° San Cayetano,0297-4473109,Urbana,VI
446,2600500,14,90,1,,8431 - REMIGIO NOGUÃ‰S S/N,02944-499007,Urbana,I
445,2600499,14,20,1,,9217 - LOS MAITENES e/ AVDA. SOBERANÃA ARGENTINA Y LOS LUPINOS - MANZANA 55 - EL RINCON - CHOLILA,02945-498035,Urbana,I
444,2600489,35,30,1,,9200 - AV. HOLDICH 770 e/ V. CALDERÃ“N Y MAGALLANES,02945-456662,Urbana,III
443,2600493,77,40,1,WEÃ‘IHUE,9100 - PASCUAL DALEOSO NÂ° 3670 e/ LAGO PUELO Y LAS PLUMAS,0280-446222,Urbana,IV
442,2600498,77,40,1,,9100 - ECUADOR Y ELSGOOD,0280-426839,Urbana,IV
441,2600497,77,30,1,,9103 - FEDERICCI 780,0280-485407,Urbana,IV
440,2600492,21,30,1,PUERTA DEL SOL,9000 - RIVADAVIA Nº2190 e/ ASTURIAS E ITUZAINGÃ“ - BÂº J. NEWBERY,0297-4478460,Urbana,VI
439,2600488,21,30,1,,9000 - CABO 1Âº MONTAÃ‘O e/ tte. ARDILES y GAUCHO RIVERO. BÂº DON BOSCO - KM. 8,0297-4535602,Urbana,VI
438,2600487,21,30,1, ,9000 - ALBERTO BLANC S/Nºe/ EUSTAQUIO MOLINA Y SATURNINO LÃ“PEZ,0297-4485268,Urbana,VI
437,2600427,77,40,1,MARIA CURIE,9100 - PELLEGRINI 390 e/ SAN MARTÃN Y 25 DE MAYO,0280-425003,Urbana,IV
436,2600424,35,30,1,REP. COSTA RICA,9200 -ALSINA e/ 25 DE MAYO Y SARMIENTO,02945-453433,Urbana,III
435,2600089,21,30,1,,9000 - PROVIDENCIA NÂ° 1571,0297-4476511,Urbana,VI
434,2600422,7,20,1,,9120 - SANTIAGO DEL ESTERO NÂ° 1051,0280-454499,Urbana,II
433,2600299,77,40,1,,9100 - BRASIL S/N BÂº PLANTA DE GAS,0280-433735,Urbana,IV
432,2600261,42,20,1,VUELTA DEL RIO,"9107 - WILLIAMS, ENTRE DÃAZ Y MIMOSA",0280-492042/54,Urbana,IV
431,2600382,77,40,1,,9100 - MARCONI ENTRE MAIPÃš Y GREGORIO MAYO,0280-429428,Urbana,IV
430,2600371,7,20,1,,9120 - CDRO. MARTÃN RIVADAVIA S/N e/ LUIS FELDMAN y PEDRO DERBES. C.C. 99,0280-454501,Urbana,II
429,2600297,77,40,1,,9100 - GDOR. TELLO e/ 13 DE JULIO y OSCAR SMITH  BÂº LUZ Y FUERZA,0280-427534,Urbana,IV
428,2600287,21,30,1,,9000 - ALEM 1112- COLEGIO DOM. SAVIO,0297-4472362,Urbana,VI
427,2600331,77,40,1,AUKANTE,9100 - L.N. ALEM Y LEWIS JONES,0280-425493,Urbana,IV
426,2600090,21,30,1,,9000 - HUERGO e/ LOS NARANJOS y LAS VIOLETAS,0297-4441820,Urbana,VI
425,2600101,77,40,1,,9100 - LOVE PARRY ENTRE LEZANA Y GOB. TELLO,0280-427865,Urbana,IV
424,2600066,21,30,1,,9000 - CALLE CÃ“DIGO 478 Nº342 e/ BUSNADIEGO y MEDRANO. BÂº ABEL AMAYA,0297-4460493,Urbana,VI
423,2600391,77,40,1,,9100 -  NICARAGUA E/ TOMÃS GUIDO Y E. ÃRABES,0280-426579,Urbana,IV
422,2600179,35,60,1,MARTHA SALOTTI,9203 - SARMIENTO NÂ° 580 e/ HOLDICH Y 25 DE NOVIEMBRE,02945-480467,Urbana,III
421,2600088,21,30,1,,9000 - SAN JOSÃ‰ DE JACHAL 950,0297-4483560,Urbana,VI
420,2600021,14,50,1,,9210 - PJE. RÃO NEGRO  Y LINIERS ,02945-495446,Urbana,I
419,2600229,84,70,1,,9030 - HIP. IRIGOYEN 148 e/ RAFAEL DE LA FUENTE Y FONTANA,02903-420250,Urbana,V
418,2600232,84,30,1,,9033 - AVDA. PTE. PERÃ“N  S/NÂº,02945-497134,Urbana,V
417,2600328,21,30,1,,9001 -  BOGOTA Y EL SALVADOR,0297-4560465,Urbana,VI
416,2600327,21,30,1,,9000 - FERROCARRIL URQUIZA Y ALUSTIZA - BÂº PTE. ORTIZ - ,0297-4559231,Urbana,VI
415,2600294,42,30,1,MAIR AP. IWAN DE ROBERTS,9105 - LIBERTAD 131  e/ IRIGOYEN y E. TELLO,0280-491337,Urbana,IV
414,2600073,35,30,1,,9200 - CAMBACERES e/ Pte. PERÃ“N Y MIGUENS,02945-453439,Urbana,III
413,2600016,21,30,1,,9000 - REMENTERÃA Y JOSÃ‰ ORTEGA,0297-4481857,Urbana,VI
412,2600008,77,40,1,,9100 - 25 DE MAYO 946,0280-428175,Urbana,IV
411,2600278,91,20,1,,9020 - ALBERDI Nº750,0297-4893799,Urbana,V
410,2600421,7,20,1,,9120 -  MITRE ESQ. AVDA. GALES,0280-457764,Urbana,II
409,2600074,35,30,1,,9200 - LIBERTAD Y R. SAENZ PEÃ‘A,02945-451423,Urbana,III
408,2600212,21,30,1,,9000 - JUAN JOSÃ‰ PASO 351 entre LAS HERAS y TTE. ORIONE,0297-4548814,Urbana,VI
407,2600243,21,50,1,,9001 - FRAGATA HÃ‰RCULES Y FRAGATA SARMIENTO,0297-4452557,Urbana,VI
406,2600310,21,30,1,,9000 - ARTIGAS E ISLAS Ã“RCADAS S/N,0297-4464151,Urbana,VI
405,2600302,77,40,1,,9100 -AVELLANEDA e/ PJE. C. GARDEL  Y PELLEGRINI NORTE,0280-421002,Urbana,IV
404,2600259,77,30,1,HUENNIHUEN,9103 - LAPORTE Y AV. TTE. CNEL MURGA,0280-485138,Urbana,IV
403,2600384,21,30,1,DOMINGO F. SARMIENTO,9000 - RIVADAVIA 560,0297-4464047,Urbana,VI
402,2600053,21,30,1,JUANA MANSO,9000 - F. LUIS BELTRÃN Y STA. LUCÃA BÂº STA LUCÃA,0297-4557971,Urbana,VI
401,2600098,77,30,1,ROSARIO VERA PEÃ‘ALOZA,9103 - GREGORIO MAYO 253,0280-481679,Urbana,IV
307,2600496,91,20,5,,9020 - ING. CORONEL Nº450 e/ ROCA Y SAN MARTÃN. BÂº CENTRO,0297-4898351,Urbana,V
306,2600450,77,30,5,,9103 - AVDA. MURGA e/ PJE. CARLOS GARDEL y M.M. DE GÃšEMES,0280-484553,Urbana,IV
305,2600203,7,20,5,,9120 - ROBERTO GÃ“MEZ 383 1Âº P. PEDIATRÃA e/ A. PUJOL Y TUCUMÃN,0280-453238,Urbana,II
304,2600181,35,30,5,,9200 - 25 DE MAYO 150 e/ ALMAFUERTE Y O'HIGGINS,02944-453428,Urbana,III
303,2600103,77,40,5,,9100 - COLOMBIA Y MITRE,0280-428987,Urbana,IV
302,2600069,21,30,5,DR. ATILIO REBELLO,9005 - RAMÃ“N LISTA 2150   Y PJE. SIN NOMBRE.B. GRAL. MOSCONI,0297-4550297,Urbana,VI
301,2600244,21,30,5,DR. RICARDO GUTIERREZ,9000 - H. YRIGOYEN 952 - 4Âº PISO e/SOLARI Y R.S. PEÃ‘A,0297-4466454,Urbana,VI
220,2600676,77,40,2,NULL,9100 - CENTENARIO y CACIQUE NAHUELQUIR,NULL,Urbana,IV
219,2600663,7,20,2,NULL,9120 - Esq. 12 de octubre y Avda. San MartÃ­n,NULL,Urbana,II
218,2600628,21,30,2,,9000 - CALLE SIN NOMBRE S/Nº- BÂº MAX. ABÃSOLO,297,Urbana,VI
217,2600584,21,50,2,,9001- ONAS E/ CERRO CHALTÃ‰N Y BERGANTÃN BELGRANO,0297-4451295,Urbana,VI
216,2600565,77,40,2,,9100 - MAMEL S/NºCASI ESQ. GOB. COSTA NORTE ,0280-446660,Urbana,IV
214,2600541,7,50,2,,9121 - PARAJE RIACHO SAN JOSÃ‰,NULL,Rural,II
213,2600521,7,20,2,,9120 - SGO. DEL ESTERO NÂ° 1051 e/ MORENO y RIVADAVIA,0280-454748,Urbana,II
212,2600520,49,20,2,,9121 - LOTE 14 FRACCIÃ“N B. SECCIÃ“N I-I,02965481046/324,Rural,II
211,2600519,21,30,2,,9000 - REMENTERÃA NÂ° 2810 ESQ/AVDA. ROCA,0297-4481802,Urbana,VI
210,2600518,35,30,2,,"9200 - AVDA HOLDICH EN SU INTERSECCIÃ“N CON EL ARROYO ESQUEL, MANZANA A - CIRCUITO 3 - SECTOR 5 - CHACRA 4 - BÂ° BADÃ‰N",02945-454400,Urbana,III
209,2600512,21,30,2,,9000 - AV. POLONIA Y CALLE 552 - BÂº SAN CAYETANO,0297-4473118,Urbana,VI
208,2600495,35,120,2,ESCUELA PARA LA VIDA,9203 - LOTE 19 SECC J DEL ENSANCHE DE LA COLONIA 16 DE OCTUBRE,02945-478318,Rural,III
207,2600494,77,40,2,,9100 - MAMEL NÂ° 4266 e/ TREVELIN NORTE y GOBERNADOR COSTA NORTE  - BARRIO I.N.T.A.,0280-446410,Urbana,IV
206,2600426,77,40,2,MARIA CURIE ( D.A.),9100 - PELLEGRINI NÂ° 390 e/ SAN MARTÃN y 25 DE MAYO,0280-426785,Urbana,IV
205,2600423,35,30,2,REP.COSTA RICA,9200 - 25 DE MAYO Nº959 e/ R.S.PEÃ‘A y ALSINA,02945-451212,Urbana,III
204,2600428,21,30,2,PERITO MORENO,9000 - MITRE Y P. MORENO,0297-4470392,Urbana,VI
203,2600449,21,30,2,PROFESOR JOSE MANUEL ESTRADA,9000 - RUBÃ‰N DARÃO 320 BÂº RESTINGA ALÃ,0297-4535596,Urbana,VI
202,2600325,77,30,2,JULIAN MURGA ,9103 - ERNESTO LAPORTE S/N e/ TTE. CNEL. MURGA Y F. AMEGHINO - BÂº 490,0280-481099,Urbana,IV
201,2600339,77,40,2,,9100 - LOS CIPRESES 878 e/ LAS ACACIAS y LOS ALERCES - BÂº LOS AROMOS,0280-426809,Urbana,IV
200,2600448,35,30,2,,9200 - DON BOSCO NÂ° 1453 e/  ALBERDI y VOLTA,02945-454581,Urbana,III
199,2600156,77,40,2,DON LUIS FELDMAN JOSIN ,9100 - AV. GALES NÂ° 270 e/ MITRE y RIVADAVIA,0280-423596,Urbana,IV
198,2600003,21,30,2,LIA GEORGINA LOPEZ  ,9000 - SAN FRANCISCO DE ASÃS Nº834  e/ J. DIAZ DE SOLÃS y DRA. ALICIA MOREAU DE JUSTO -  B. PUEYRREDÃ“N,0297-4460709,Urbana,VI
197,2600407,21,30,2,CENTINELA DE LA PATRIA,9003 - DR. MANUEL SUEIRO NÂ° 1166 e/ COSENTINO y FEDERICO URIGO,0297-4550707,Urbana,VI
196,2600320,77,40,2,13 DE JULIO,9100 - GOBERNADOR TELLO NORTE 985 e7 13 DE JULIO y OSCAR SMITH - BÂº LUZ Y FUERZA,0280-420525,Urbana,IV
195,2600322,77,40,2,HEROES DE MALVINAS,9100 - SAAVEDRA e/ AVDA. DE LOS TRABAJADORES  y  SARMIENTO NORTE,0280-426588,Urbana,IV
194,2600020,14,90,2,,8431 - PARAJE LA ISLA,02944-499085,Urbana,I
193,2600393,7,20,2,VELERO MIMOSA,9120 - SAN MARTÃN Nº1904 e/ AZCUÃ‰NAGA Y DORREGO,0280-452172,Urbana,II
192,2600372,7,20,2,MANUEL DEL VILLAR,9120 - PJE. AMÃ‰RICA Y MALASPINA  B. EL PORVENIR,0280-455349,Urbana,II
191,2600419,35,20,2,,9201 - RICARDO BALBÃN e/ IRIGOYEN Y CALLE SIN NOMBRE,02945-494098,Rural,III
190,2600324,77,20,2,PUERTAS AL MAR,9103 - MACHUCA GONZALEZ S/N (PLAYA UNIÃ“N),0280-496720,Urbana,IV
189,2600046,77,40,2,MAESTRO ALEJANDRO DEL VALLE,9100 - S. ORTÃZ Nº1750 e/ CAMBRIN y TTE. GARCÃA,0280-420748,Urbana,IV
188,2600027,35,110,2,,9200 - PARAJE RIO PERCY,02945-15500101,Rural,III
186,2600107,14,170,2,,8430 - C.C. 55 EL BOLSÃ“N - RÃO NEGRO,02944-15663236,Rural,I
185,2600260,77,30,2,AYLLU PIUQUE,9103 - FEDERICCI Nº780  e/ 28 DE JULIO Y VTA. DE OBLIGADO,0280-481109,Urbana,IV
184,2600131,21,30,2,PTE. JUAN DOMINGO PERON,9000 -  LOS JAZMINES e/ 12  DE OCTUBRE y HUERGO -  B. GRAL. S.MARTÃN,0297-4470452,Urbana,VI
183,2600038,21,30,2,GOLFO SAN JORGE,9000 - TRES SARGENTOS NÂ° 3255 e/ SCALABRINI ORTÃZ y JUANA AZURDUY ,0297-4484514,Urbana,VI
182,2600296,77,40,2,EDWIN C. ROBERTS,9100 - MORENO NORTE e/  E. ROBERTS y R. BERWYN,0280-427597,Urbana,IV
181,2600060,7,20,2,CONSTITUYENTES PCIALES DE 1957,9120 - DORREGO S/N e/ COLÃ“N y PIEDRABUENA -  BÂº GOB. GALINA,0280-453057,Urbana,II
180,2600281,91,20,2,TENIENTE CORONEL MARCELO ARCE,9020 - CALLE 12 e/ CALLE 2 Y CALLE SIN NOMBRE - B. PROGRESO,0297-4898144,Urbana,V
179,2600356,35,30,2,,9200 - SÃENZ PEÃ‘A 2352  e/ ALEJANDRO CONESA y LIBERTAD - B. MALVINAS,02945-451413,Urbana,III
178,2600303,77,30,2,SUYAY HUE,9103 - CARLOS GARDEL  e/ CONGRESO NACIONAL y GDOR. BENITO FERNÃNDEZ,0280-484130,Urbana,IV
177,2600205,7,20,2,,9120 - LUIS MARÃA CAMPOS S/NÂª e/P.ARGENTINAS Y JUAN MUZZIO,0280-4719974,Urbana,II
176,2600028,56,50,2,RAYEN-CHACAY-HUE (CERRADA),9201 - AV. SAN MARTÃN S/N e/ M.M. DE GÃšEMES y CALLE SIN NOMBRE -  C.C. 6,02945-493090,Urbana,III
175,2600321,77,40,2,,9100 - LEZAMA NORTE e/ CRUCERO GRAL. BELGRANO y  MONSEÃ‘OR FAGNANO,0280-426494,Urbana,IV
174,2600402,77,40,2,CACIQUE CASIMIRO BIGUA,9100 - PASCUAL DALEOSO S/N e/ RÃO SENGUER y LAGO PUELO NORTE - BÂº AMAYA,0280-446570,Urbana,IV
173,2600300,77,40,2,AYELEN RUKA,9100 - BRASIL S/N B.PLANTA DE GAS,0280-426125,Urbana,IV
172,2600087,21,30,2,PATAGONIA CENTRAL,9000 - CRÃ“NICA 1070 e / Avda. KENNEDY y LA NUEVA PROVINCIA,0297-4474594,Urbana,VI
171,2600273,21,30,2,CARRERO PATAGONICO,9003 - E. HERMITTE 246 e / PUNTA BORJAS y 8 DE DICIEMBRE- BÂº GOB. FONTANA KM 8,0297-4535170,Urbana,VI
170,2600268,7,20,2,CACIQUE VALENTIN SAYHUEQUE,9120 - JOSÃ‰ MENÃ‰NDEZ 445 e/ MARSENGO y â€¦.,0280-451398,Urbana,II
169,2600289,21,30,2,ESTRELLA DE MAR,9000 - DALLE MURA 270 e/ PASAJE ALFREDO MASSINI y OCÃ‰ANO ATLÃNTICO,0297-4559826,Urbana,VI
168,2600202,7,20,2,MAESTROS PATAGONICOS,9120 - SANTA CRUZ Nº1155 e/ RIVADAVIA y ALEM - ,0280-450436,Urbana,II
167,2600258,77,30,2,CRUCERO GRAL. M. BELGRANO,9103 - RAMON Y CAJAL e/ PAYRO y TTE. CNEL. PALACIOS ,0280-482367,Urbana,IV
166,2600180,35,60,2,MAESTRO JUAN SIAS,9203 - AP. IWAN NÂ° 838 e/ J. MURRAY THOMAS y PRIMERA JUNTA,02945-480051,Urbana,III
165,2600367,77,40,2,CONST.DE LA PCIA.DEL CHUBUT,"9100 - B. CONSTITUCIÃ“N ENTRE SECTORES D, E Y F",0280-426571,Urbana,IV
164,2600394,77,40,2,CENT.DE LA CIUDAD DE TRELEW,9100 - FUERTE SAN JOSÃ‰ NÂ° 1149 e/ LOS PINOS y LOS AROMOS,0280-427565,Urbana,IV
163,2600219,91,20,2,,9020 - URQUIZA 1050 e/ RAWSON y 12 DE OCTUBRE,0297-4893280,Urbana,V
162,2600403,7,20,2,ROSA DE COREA,9120 - JUAN XXIII Nº1000 e/ MALASPINA y NECOCHEA,0280-451412,Urbana,II
161,2600215,21,30,2,JOSE HERNANDEZ,9000 - CONSTITUCIÃ“N Y LOS ANDES ,0297-4548870,Urbana,VI
160,2600130,21,30,2,PIONERO M. RODRIGUEZ,9000 -IGNACIO RUCCI Nº 1581 e/H. CÃMPORA Y AVDA. OÂ´DONNELL- BÂ° ABÃSSOLO,0297-4472886,Urbana,VI
159,2600173,35,30,2,MAESTRO ISAIAS VERA,9200 - PJE. ISAÃAS VERA Y AV. HOLDICH,02945-451446,Urbana,III
158,2600396,7,20,2,PADRE JUAN MUZIO,9120 - JULIO A. ROCA 1750 e/ MIMOSA y VESTA,0280-451829,Urbana,II
157,2600379,77,40,2,GOB. JORGE J. GALINA,9100 - LEZAMA 1650 e/ MARÃA HUMPHREYS y  L. PARRY,421181/429693,Urbana,IV
156,2600298,77,40,2,RAUL B. DIAZ,9100 - FELDMAN JOSIN Nº8 e/ R.BERWYN y E. ROBERTS,0280-426120,Urbana,IV
155,2600079,21,30,2,MAXIMO FERNANDEZ CORIA,9000 - AV. CHILE Y B. LOS CONSTITUYENTES - BÂº LU4,0297-4482299,Urbana,VI
154,2600039,21,30,2,OSCAR VICENTE HERRERA,9000 - LA RAZÃ“N e/ Avda. John KENNEDY y  GABRIEL BARCELÃ“ - ,0297-4483406,Urbana,VI
153,2600086,21,30,2,ISIDRO QUIROGA,9000 - 10 DE NOVIEMBRE  e/  SAN CAYETANO y PROVIDENCIA,0297-4467344,Urbana,VI
152,2600271,7,20,2,ARMADA ARGENTINA,9120 - LA PAMPA 579 e/ SARMIENTO Y AVDA. GALES,0280-451510,Urbana,II
151,2600412,77,40,2,ESCUELA DE LA AMISTAD,9100 - FUERTE VIEJO S/N e/ ZAPIOLA y RIVADAVIA,0280-443180,Urbana,IV
150,2600270,7,20,2,PENINSULA DE VALDES,9120 - FUERTE SAN JOSÃ‰ 115 e/ DOMECQ GARCÃA e ITALIA,0280-451019,Urbana,II
148,2600282,84,70,2,25 DE MAYO,9030 - AV. EJÃ‰RCITO ARGENTINO S/N,02903-420486,Urbana,V
147,2600214,21,10,2,LEANDRO AGUSTIN MUÃ‘OZ,9001 - CASA 137 ASTRA KM 20,0297-4863067,Rural,VI
146,2600017,21,30,2,GRAL. ENRIQUE MOSCONI,9005 - MARIANO VEDIA Nº884  e/ RAMÃ“N LISTA y QUINTANA - BÂº GRAL. MOSCONI KM 3,0297-4550057,Urbana,VI
145,2600301,77,40,2,2 DE ABRIL DE 1982,9100 - PELLEGRINI NORTE Y RUTA 25,0280-421040,Urbana,IV
143,2600085,21,30,2,PETROLEO ARGENTINO,9000-SAN JOSÃ‰ DE JACHAL 950 e/ AVDA. LIBERTAD y AVDA. ROCA ,0297-4483324,Urbana,VI
140,2600262,42,70,2,MICHEL DAVID JONES,9107 - CHACRA 332 - 28 DE JULIO,492114-15540615,Rural,IV
139,2600306,42,40,2,VALLE DE INMIGRANTES,9107 - CHACRA 339,0280-492235,Rural,IV
138,2600009,77,40,2,NICOLAS ORTIZ,9100 - J. MANUEL DE ROSAS 1775 e/ MAIPÃš y REMEDIOS DE ESCALADA,0280-421115,Urbana,IV
137,2600172,14,190,2,ISABEL K. DE STAUCK,9201 - COSTA DEL CHUBUT,02945-470620,Rural,III
135,2600527,91,30,2,SAN IGNACIO DE LOYOLA,9020 - RUTA 20 - LOTE 37,0297-4898701,Rural,V
134,2600171,56,40,2,MARCELO ELISEO DUFLOS,9201 - RUTA PROV. Nº12,02945-479937,Rural,III
133,2600345,21,30,2,ANTARTIDA ARGENTINA,9000 - DORREGO 1620 e/ VIAMONTE y L.N. ALEM,0297-4469042,Urbana,VI
132,2600163,14,110,2,CENT. DE LAS MISIONES SALESIANAS,8430 - C.C. 155 EL BOLSÃ“N - RÃO NEGRO (EMPALME RUTA 16 Y 258),02944-499036,Rural,I
131,2600358,56,60,2,CARLOS BARROSO (CERRADA),9201 - RUTA PCIAL. Nº44,02945-15683095,Rural,III
130,2600305,42,80,2,,9105 - CHACRA 204 B GAIMAN,0280-491528,Rural,IV
129,2600072,56,10,2,,9201 - AVDA. MARIANO EPULEF S/ Nº,02945-490141,Rural,III
128,2600094,49,10,2,,9121 - GAN GAN,0280-499810,Rural,IV
127,2600231,84,10,2,PAULINO LUIS BARZOLA,9033 - CALLE S/ NOMBRE e/DOS CALLES SIN NOMBRE - ALDEA  APELEG (R. SENGUER),02945-497136,Rural,V
126,2600272,21,30,2,"A.R.A. \PUNTA MEDANOS\""""",9003 - GAUCHO RIVERO S/N  esq. AVDA. ALEJANDRO MAÃZ - BÂ° DON BOSCO-KM 8,0297-4535655,Urbana,VI
125,2600236,42,50,2,SAN JUAN BOSCO,9107 - CHACRA 253 - RUTA PROV. NÂ° 7,0280-492205,Rural,IV
124,2600193,7,20,2,TOMAS ESPORA,9120 - DOMECQ GARCÃA Nº202 e/ J. ACOSTA y R. GÃ“MEZ,0280-451919,Urbana,II
123,2600146,77,40,2,CMTE. LUIS JORGE FONTANA,9100 - EDISON Nº385 e/ SAN MARTÃN y 25 DE MAYO,0280-427378,Urbana,IV
122,2600122,77,40,2,JUAN BAUTISTA ALBERDI,9100 - LEWIS JONES 412 Y LEZANA,0280-421022,Urbana,IV
121,2600106,14,140,2,,9217 - RUTA PCIAL. Nº15 - KM. 29,02945-498068,Rural,I
119,2600286,21,30,2,NICOLAS AVELLANEDA,9000 - SAN MARTÃN 1451e / ALVEAR y CORNELIO SAAVEDRA,0297-4462514,Urbana,VI
118,2600252,63,10,2,CANAL DE BEAGLE,9101 - AVDA. DE LOS TAMARISCOS  y CALLE SIN NOMBRE -  EL MIRASOL,0280-490930,Rural,IV
117,2600093,49,40,2,MTRO.RURAL CESAR A.RUBIO,9121 - LAGUNITA SALADA,0280-490720,Rural,IV
115,2600211,21,40,2,13 DE DICIEMBRE,9009 - L. ARGENTINO Nº445  e/ RÃO ARRAYANES y RÃO SENGUER - BÂº CENTRAL,0297-4843098,Urbana,VI
114,2600359,35,40,2,MANUEL MILLAGUALA,9203 - LAGO ROSARIO,02945-479301,Rural,III
113,2600361,35,80,2,ANTONIO Ã‘ANCULEF,9201 - CERRO CENTINELA,02945-494149,Rural,III
112,2600075,35,30,2,ALEJANDRO CONESA,9200 - ALMAFUERTE Nº621e/ PERITO MORENO y BMÃ‰. MITRE,02945-451140,Urbana,III
111,2600406,21,30,2,MAR ARGENTINO,9001 - M. GALETTO DE ABAD 351 e/ FERROCARRIL MITRE y FERROCARRIL URQUIZA - BÂº PTE. ORTIZ,0297-4558014,Urbana,VI
110,2600024,7,20,2,JOSE M. ESTRADA,9120 - AV.GALES 1050 e/ ROSALES y COLÃ“N,0280-451200,Urbana,II
109,2600247,14,90,2,ENTRE RIOS,8431 - C.C. 170 EL BOLSON-PJE. E.RÃOS y RUTA NAC. NÂ° 16,02944-499050,Rural,I
108,2600246,14,90,2,PORTAL DE LOS ANDES,8431 - REMIGIO NOGUÃ‰S S/N,02944-499013,Rural,I
107,2600026,35,100,2,ISABEL NAHUEL PAN,9200 - NAHUEL PAN,02945-457031,Rural,III
106,2600316,84,30,2,CIUDAD DE ROSARIO,9033 - RICARDO BERWYN S/NÂº,02945-497002,Urbana,V
105,2600034,21,30,2,BANDERA NACIONAL,9000 - JORNADA Nº2315 e/ EL PATAGÃ“NICO y ATAHUALPA YUPANQUI,0297-4474067,Urbana,VI
104,2600207,21,30,2,FRANCISCO J. SEGUI,9003 - PUNTA NOVALES Nº450 e/ ROSARIO y DEL PUERTO,0297-4590142,Rural,VI
103,2600245,14,210,2,GAUCHOS DE GUEMES,9217 - VILLA LAGO RIVADAVIA,02945-478801,Rural,I
102,2600218,91,10,2,,9023 - S. MARTÃN S/N e/ LUIS CAMPOS y ESTEBAN MALERBA,02945-470301,Rural,V
101,2600235,42,20,2,BERNARDINO RIVADAVIA,9107 - RIVADAVIA 251,2965-492017/049,Urbana,IV
100,2600248,42,30,2,BARTOLOME MITRE,9105 - EUGENIO TELLO 848,0280-491012,Urbana,IV
99,2600174,14,200,2,MANUEL Y ZENON  ANTIECO,9201 - COSTA DEL LEPÃ,02945-479143,Rural,III
98,2600364,35,50,2,ING. EMILIO FREY,9203 - LOS CIPRESES,02945-479702,Rural,III
97,2600118,98,10,2,ADVERTANO L. CASTRO,9225 - ALDEA LAS PAMPAS,02945-479400,Rural,III
96,2600076,35,90,2,,9203 - ALDEA ESCOLAR TREVELIN,02945-478301,Rural,III
95,2600096,105,20,2,RODOLFO RAGUCCI,9121 - S. MARTÃN S/N e/ J. VILCHES y J. GALINA,0280-499344,Rural,IV
94,2600228,84,60,2,TTE. BENJAMIN MATIENZO,9039 - QUILCHAMAL S/N e/ CALAFATE y CALLE SIN NOMBRE,02903-490435,Rural,V
93,2600068,14,10,2,LUCIO V. MANSILLA,9210 - BUENOS AIRES CHICO,02945-495395,Rural,I
92,2600097,105,40,2,PICHI CHE RUKA,9121 - ALDEA SEPAUCAL,0280-499220,Rural,IV
91,2600375,21,30,2,GABINA DEL C.SUAREZ DE MAGALLANES,9001 - ENTRE RÃOS 3060 e/ CALLE  2946 y FORMOSA - BÂº SARMIENTO VALLE C,0297-4557018,Urbana,VI
90,2600015,14,100,2,,9213 - LELEQUE EX RUTA 40,NULL,Rural,I
89,2600047,14,60,2,JOSE MARIA SERRANO,9211 - LOS CÃ“NDORES S/N,02945-499063,Rural,I
88,2600353,98,30,2,,9220 - SARMIENTO S/N e/ AVDA. JOSÃ‰ DE SAN MARTÃN y 25 DE MAYO,02945-496002,Urbana,III
87,2600333,7,30,2,COMODORO PY,9121 - AVDA. DE LA BALLENAS S/N,0280-495022,Rural,II
86,2600109,56,80,2,EMILIO GEROSA,9201 - PIEDRA PARADA,02945-478200,Rural,III
85,2600139,77,40,2,LEONARDO DA VINCI,9100 - M. FIERRO 51e/ IRIGOYEN y MORENO,0280-427562,Urbana,IV
84,2600267,7,20,2,MANUEL BELGRANO ,9120 - SARMIENTO 268 e/ MITRE y MARCOS A. ZAR,0280-451815,Urbana,II
83,2600385,21,30,2,TTE. CRNEL. J.A.ROCA,9000 - RIVADAVIA 751 e/ ESPAÃ‘A y BELGRANO -  C.C. 624,0297-4464798,Urbana,VI
82,2600277,91,20,2,JUAN GUTIERREZ,9020 - P. MORENO 435 e/ URUGUAY y J.B. ALBERDI,0297-4893030,Urbana,V
81,2600387,14,40,2,,9211 - RUTA Nº258,02944-471599,Rural,I
80,2600338,14,160,2,,9217 - CHOLILA,02944-498005,Rural,I
79,2600031,56,30,2,31 DE OCTUBRE,9201 - RUTA PROVINCIAL Nº25 e/ CABADA i y CALLE SIN NOMBRE,02945-470540,Rural,III
78,2600381,77,40,2,NICOLAS AVELLANEDA,9100 - CHACRA 104 S/ CALLE ORIS DE ROA S/NÂª - (D. GABETS),0280-428656,Rural,IV
77,2600254,63,20,2,FRANCISCO N. LAPRIDA,9101 - AV. SAN MARTÃN S/N e/ COMANDANTE ESPORA y M. BELGRANO,0280-490839,Rural,IV
76,2600175,35,30,2,M.LUISA PIERUZZONI DE MARELLI,9200 - AV. ALVEAR 1086 e/ 25 DE MAYO y SARMIENTO,02945-451234,Urbana,III
75,2600337,14,130,2,VICENTE CALDERON,9217 - EL BLANCO (CHOLILA),02945-498146,Rural,I
74,2600420,14,70,2,FUNDACION SCHCALMIK,9201 - BENITO FERNANDEZ S/N e/ CARLOS CHEUQUE y CALLE SIN NOMBRE,02945-479154,Rural,III
73,2600227,84,40,2,POLICIA DEL CHUBUT,9035 - ESCALADA S/N,02903-490236,Rural,V
72,2600225,84,70,2,CONSTANCIO C. VIGIL,9030 - 25 DE MAYO 849 e/ 9 DE JULIO y SARMIENTO,02903-420473,Urbana,V
71,2600226,84,20,2,POLICIA FEDERAL ARGENTINA,9037 - RUTA PROVINCIAL Nº74 S/N,02903-490157,Rural,V
70,2600217,84,50,2,CAP.CARLOS MARIA MOYANO,9031 - AVDA. ENSANCHE  NÂ° 570,02903-490311,Rural,V
69,2600199,14,120,2,MIGUEL Ã‘ANCUCHE NAHELQUIR ,9210 - C.C.10 EL MAITÃ‰N,NULL,Rural,I
68,2600187,98,20,2,ROSARIO R. DE MAGALLANES,9223 - F. AMEGHINO Y SARMIENTO,02945-491059,Urbana,III
67,2600200,14,230,2,,9210 - C.C.23 EL MAITÃ‰N,NULL,Rural,I
66,2600330,77,40,2,JHON CARROG JONES,9100 - MITRE 1969 P. BAJA E. 3 (D. DULOG),0280-15678057,Rural,IV
64,2600329,77,40,2,CONQUISTA DEL DESIERTO,9100 - CHACRA 140 TW. s/ CALLE S/NOMBRE e/ SOBERANÃA NACIONAL y CENTENARIO - (LOMA GRANDE),0280-435108,Rural,IV
63,2600095,105,30,2,GRAL. JUAN LAVALLE,9121 - ESTAFETA POSTAL (GAN GAN),0280-490150,Rural,IV
62,2600092,49,50,2,NAHUELQUIR CHIQUICHANO,9121 - ALDEA ESCOLAR YALA-LAUBAT,0280-499500,Rural,IV
61,2600293,42,60,2,RVDO. ABRAHAM MATTHEWS,9105 - CHACRA 188 GAIMAN,0280-15678479,Rural,IV
60,2600313,14,240,2,,9211 - RANQUIL HUAO,02945-478100,Rural,I
59,2600014,14,180,2,PADRE MARIO LUIS MIGONE,9211 - RUTA PCIAL. Nº35 - PARAJE FOFO CAHUEL,02945-470901,Rural,I
58,2600013,14,150,2,SANTA ROSA DE LIMA,9211 - RUTA PCIAL. Nº70 - KM. 10 -,02945-499167,Rural,I
57,2600116,35,60,2,RIFLEROS DEL CHUBUT,9203 - AV FONTANA 309 e/ J.D.EVANS y PERITO MORENO,02945-480198,Urbana,III
56,2600263,42,10,2,FLORENTINO AMEGHINO,9101 - DIQUE FLORENTINO AMEGHINO,0280-490302,Rural,IV
55,2600411,77,50,2,TTE. de Fragata DIEGO ENRIQUE MIGUEL,9100 - HIPÃ“LITO YRIGOYEN 930 (SUP. REG. IV),0280-15693170,Rural,IV
54,2600151,35,30,2,NICOLAS AVELLANEDA,9200 - ALMAFUERTE Nº1557 e/  VOLTA y ALMTE. BROWN,02945-450609,Urbana,III
53,2600145,77,40,2,RVDO. RAUL A. ENTRAIGAS,9100 - PECORARO 1794 Y CAMBRIN,0280-427673,Urbana,IV
52,2600045,21,30,2,CIUDAD DE BS.AS.,9000 -  MARTÃN FIERRO  S/Nºe/ AVDA. KENNEDY y RAFAEL OBLIGADO,0297-4462627,Urbana,VI
51,2600191,98,40,2,MTRA.MURIEL INES RIVAS DE ACEVEDO,9225 - AVDA.  SAN MARTÃN S/N e/ DR. SALINAS y CALLE SIN NOMBRE,02945-492090,Urbana,III
50,2600401,77,40,2,CAPITAN A.ONETTO,9100 - S. DE ALCAZABA  Nº49 e/ PASCUAL DALEOSO Y  ECUADOR ,0280-421913,Urbana,IV
49,2600326,7,20,2,FRANCISCO PASCACIO MORENO,9120 - C. M. RIVADAVIA S/N,0280-451070,Urbana,II
47,2600256,77,30,2,PROV. DE SANTA FE,9103 - O'DONELL Y 1Âº DE MAYO,0280-481920,Urbana,IV
46,2600201,7,20,2,T.NAC.T.DEL FUEGO ANT.E ISLAS DEL ATL. SUR,9120 - JUAN MUZIO 707 e/ INDEPENDENCIA y CAPUTO,0280-451523,Urbana,II
44,2600206,21,30,2,CRNEL. FELIX DE OLAZABAL,9000 - CALLE SIN NOMBRE e/ DOS CALLES SIN NOMBRE - BÂº FORTÃN CHACABUCO Km 11,0297-4548865,Urbana,VI
43,2600376,21,30,2,ING. LUIS A. HUERGO,9005 - PAMPAS DEL CASTILLO 250,0297-4550690,Urbana,VI
42,2600395,7,20,2,CMDTE. LUIS PIEDRABUENA,9120 - 25 DE MAYO 1090 e/ MORENO y RIVADAVIA,0280-451276,Urbana,II
41,2600012,14,220,2,LAS GOLONDRINAS,8430 EL BOLSÃ“N RÃO NEGRO - CAMINO DE LA CRUZ e/ RUTA 40 Y CAMINO DEL VALLE - ,02944-471859,Rural,I
40,2600169,77,40,2,ELUNED MORGAN,9100 - CORRIENTES  y VENEZUELA e/ SOBERANÃA NACIONAL y J.A. ROCA,0280-420649,Urbana,IV
39,2600392,21,30,2,SGTO. JUAN BAUTISTA CABRAL,9000 - STA.CRUZ 370 e / AVDA. SGTO. CABRAL y SALTA,0297-4461054,Urbana,VI
38,2600084,14,30,2,POLICIA FED.CUSHAMEN,9211 - AV. DEL LIBERTADOR S/N e/ M. BELGRANO y AVDA. JULIO A. ROCA,02945-470751,Rural,I
37,2600115,35,60,2,PEDRO LUIS SANCHEZ,9203 - AV.SAN MARTÃN Y ROGGERO,02945-480175,Urbana,III
36,2600224,84,70,2,MTRO.MANUEL A.REYES AYLLAN,9030 - SARMIENTO Nº767 e/ MITRE y CHILE ARGENTINO,02903-420302,Urbana,V
35,2600188,98,20,2,PROV. DE CORRIENTES,9223 - AV. JULIO A. ROCA S/N e/ SARMIENTO y 28 DE FEBRERO,02945-491018,Urbana,III
34,2600127,21,30,2,CIUDAD DE CDRO.RIVADAVIA,9000 - LOS NOGALES e/  GRANADEROS y SAN MARTÃN - C.C.103 SUC.2,0297-4462116,Urbana,VI
33,2600133,105,10,2,MAESTROS ARGENTINOS,9121 - SAN MARTÃN Y 21 DE SEPTIEMBRE,0280-490406,Rural,IV
32,2600063,21,30,2,REPUBLICA ARGENTINA,9000 - CANADÃ 2650  e / GDOR. GALINA Y F. BEHR - BÂº PUEYRREDÃ“N,0297-4483860,Urbana,VI
31,2600253,70,10,2,RIFLEROS DEL CHUBUT,9207 - CERRO CÃ“NDOR,0280-490010,Rural,IV
30,2600091,49,30,2,ISLAS MALVINAS,9121 - AV. YANQUETRUZ S/N e/ MICHAY y MALEN ,0280-490520,Rural,IV
29,2600110,56,70,2,JUAN MARTIN DE PUEYRREDON,9201 - COSTA DEL GUALJAINA (CUSHAMEN),02945-479142,Rural,III
28,2600280,91,20,2,INDEPENDENCIA,9020 - ALBERDI 750 e/ GRAL. PAZ y 25 DE MAYO,0297-4893187,Urbana,V
27,2600370,21,30,2,FRAY LUIS BELTRAN,9001 - BOGOTÃ Nº845  e/ EL SALVADOR Y JAMAICA - BÂº LAPRIDA,0297-4560069,Urbana,VI
26,2600007,21,30,2,EJERCITO ARGENTINO,9000 - RIVADAVIA Nº2190 e / ITUZAINGÃ“ y ASTURIAS,0297-4462534,Urbana,VI
25,2600183,35,70,2,DELIA MEDICCI DE CHAYEP,9201 - 1Âº POBLADORES S/N,02945-471042,Rural,III
24,2600185,35,30,2,CRNEL. LUIS JORGE FONTANA,9200 - AV. PRESIDENTE PERÃ“N  NÂ° 1251,02945-450003,Urbana,III
23,2600315,21,30,2,DR.CARLOS MADARIAGA,9000 - J.J.PASO 1449  e/ RECONQUISTA y TTE. VENECIA - BÂº P. PALAZZO,0297-4548229,Urbana,VI
22,2600161,14,50,2,ING.BRUNO THOMAS,9210 - PJE. SANTA CRUZ  E/ PJE. NEUQUÃ‰N  y AMEGHINO,02945-495137,Urbana,I
21,2600186,77,40,2,LEWIS JONES,9100 - COLOMBIA Y RIVADAVIA NORTE,0280-427662,Urbana,IV
20,2600142,77,30,2,MAESTRO RICARDO J.BERWYN,9103 - AV. 25 DE MAYO 555 e/ J.J.CASTELLI Y AVDA. ANTÃRTIDA ARGENTINA,0280-481688,Urbana,IV
17,2600029,56,50,2,PADRE JOSE PAROLINI,9201 - AVDA. JOSÃ‰ DE S. MARTÃN S/N e/ COMANDANTE PIEDRABUENA y SARMIENTO,0280-493050,Rural,III
16,2600319,28,10,2,JUSTO JOSE DE URQUIZA,9111 - J.J.URQUIZA 425 e/ SARMIENTO y 9 DE JULIO,0297-4963096,Urbana,IV
15,2600295,70,30,2,PROV.DE LA PAMPA,9207 - AVDA. STROBER S/N,0280-497265,Rural,IV
14,2600352,91,40,2,,9020 - PARAJE PÃO PÃO,0297-4898254,Rural,V
13,2600035,21,30,2,LIBERTADOR J.DE S.MARTIN,9000 - ARTIGAS 650 e/ I. DE LOS ESTADOS E ISLAS Ã“RCADAS - BÂº JOSE FUCHS,0297-4462561,Urbana,VI
12,2600340,21,50,2,ALMTE. GUILLERMO BROWN,9001 - FRAGATA HÃ‰RCULES 297  e/ AVDA. FRANCISCO SEGUÃ Y AVDA. CAP. DE  FRAGATA MOYANO,0297-4451101,Urbana,VI
10,2600357,56,20,2,MARTIN DE GUEMES,9201 - CARRENLEUFÃš,02945-490746,Rural,III
9,2600124,14,60,2,MARIANO MORENO,9211 - ROSA MOSQUETA S/N,02945-499064,Urbana,I
8,2600363,35,30,2,MANUEL BELGRANO,9200 - PASTEUR 1230 e/ AMAYA y DON BOSCO -,02945-450008,Urbana,III
6,2600251,70,20,2,S. DE ALCAZABA Y SOTOMAYOR,9207 - CALLE SIN NOMBRE - LOS ALTARES,0280-499002,Rural,IV
5,2600057,77,40,2,DOMINGO F. SARMIENTO,9100 - 28 DE JULIO 19 e/ MITRE Y PJE. SAN LUIS,0280-427539,Urbana,IV
4,2600309,77,30,2,ESCUELA Nº1 - GRAL.JOSE DE S.MARTIN,9103 - ALEJANDRO MAÃZ 150 e/ MITRE Y RIVADAVIA,0280-481986,Urbana,IV
3,2600413,77,40,2,ALMTE.MARCOS A.ZAR,9100 - CHACRA Nº86 (CHACRAS DE TW),0280-443800,Rural,IV
2,2600006,21,30,2,FRANCISCO PIETROBELLI,9000 - ALEM E/  HUERGO y ALVEAR,0297-4475172,Urbana,VI
1,2600398,21,30,2,PATAGONIA ARGENTINA,9000 - HIPOLITO YRIGOYEN 748 e/ BELGRANO y CRÃ“NICA,0297-4464038,Urbana,VI
